historico_precio_id,producto_id,fecha_actualizacion,precio_base,costo_variable
1,1,2023-01-01,18000.0,9000.0
2,1,2023-02-01,18221.64,9079.22
3,1,2023-03-01,18310.0,9170.44
4,1,2023-04-01,18504.47,9258.19
5,1,2023-05-01,18523.9,9315.59
6,1,2023-06-01,18789.67,9329.64
7,1,2023-07-01,19079.32,9330.37
8,1,2023-08-01,19289.33,9460.4
9,1,2023-09-01,19446.31,9593.09
10,1,2023-10-01,19787.94,9661.79
11,1,2023-11-01,19866.88,9801.49
12,1,2023-12-01,19994.49,9896.45
13,1,2024-01-01,20357.56,9909.73
14,1,2024-02-01,20591.32,9989.28
15,1,2024-03-01,20889.12,10129.63
16,1,2024-04-01,21270.65,10156.23
17,1,2024-05-01,21645.97,10183.01
18,1,2024-06-01,22044.1,10335.32
19,1,2024-07-01,22219.13,10412.12
20,1,2024-08-01,22635.34,10562.39
21,1,2024-09-01,23054.56,10701.3
22,1,2024-10-01,23058.83,10792.47
23,1,2024-11-01,23108.31,10951.6
24,1,2024-12-01,23239.82,11114.08
25,1,2025-01-01,23492.34,11196.42
26,1,2025-02-01,23933.32,11339.35
27,1,2025-03-01,24157.35,11372.15
28,1,2025-04-01,24211.77,11399.87
29,1,2025-05-01,24433.99,11443.86
30,1,2025-06-01,24524.98,11570.31
31,2,2023-01-01,36000.0,18000.0
32,2,2023-02-01,36545.24,18047.38
33,2,2023-03-01,37171.0,18290.22
34,2,2023-04-01,37785.8,18431.59
35,2,2023-05-01,37851.35,18616.62
36,2,2023-06-01,37991.23,18655.89
37,2,2023-07-01,38237.11,18725.3
38,2,2023-08-01,38436.54,18791.45
39,2,2023-09-01,39015.98,19060.37
40,2,2023-10-01,39251.59,19267.05
41,2,2023-11-01,39260.57,19455.97
42,2,2023-12-01,39804.54,19474.1
43,2,2024-01-01,39898.66,19563.72
44,2,2024-02-01,40222.17,19711.19
45,2,2024-03-01,40942.24,19919.21
46,2,2024-04-01,41196.88,19954.29
47,2,2024-05-01,41951.71,20042.6
48,2,2024-06-01,42467.4,20108.48
49,2,2024-07-01,42580.85,20154.68
50,2,2024-08-01,43217.63,20337.81
51,2,2024-09-01,43577.07,20505.36
52,2,2024-10-01,43987.42,20670.69
53,2,2024-11-01,44571.66,20738.41
54,2,2024-12-01,44792.26,20973.19
55,2,2025-01-01,45574.45,20998.95
56,2,2025-02-01,45981.66,21220.63
57,2,2025-03-01,46053.49,21400.21
58,2,2025-04-01,46110.37,21576.01
59,2,2025-05-01,46576.53,21761.36
60,2,2025-06-01,46716.12,21868.46
61,3,2023-01-01,48000.0,26400.0
62,3,2023-02-01,48197.19,26630.93
63,3,2023-03-01,48284.85,26834.81
64,3,2023-04-01,49065.8,27017.33
65,3,2023-05-01,49569.46,27202.45
66,3,2023-06-01,49626.7,27391.12
67,3,2023-07-01,50427.59,27688.29
68,3,2023-08-01,50826.92,28027.38
69,3,2023-09-01,51585.06,28270.51
70,3,2023-10-01,51631.79,28416.61
71,3,2023-11-01,51697.63,28840.35
72,3,2023-12-01,52663.94,28870.21
73,3,2024-01-01,53647.47,28883.95
74,3,2024-02-01,54086.16,29217.11
75,3,2024-03-01,54914.57,29645.87
76,3,2024-04-01,55623.94,29832.8
77,3,2024-05-01,56728.47,30003.96
78,3,2024-06-01,57715.11,30412.06
79,3,2024-07-01,58148.72,30723.51
80,3,2024-08-01,58918.37,30972.05
81,3,2024-09-01,59688.47,31133.62
82,3,2024-10-01,59901.53,31384.52
83,3,2024-11-01,60535.1,31727.17
84,3,2024-12-01,60804.71,31728.82
85,3,2025-01-01,60832.36,31870.82
86,3,2025-02-01,61651.77,32131.1
87,3,2025-03-01,62307.66,32527.93
88,3,2025-04-01,62616.1,32696.83
89,3,2025-05-01,62961.3,33156.59
90,3,2025-06-01,63874.27,33212.71
91,4,2023-01-01,24000.0,13200.0
92,4,2023-02-01,24367.71,13374.98
93,4,2023-03-01,24375.34,13416.33
94,4,2023-04-01,24424.53,13423.09
95,4,2023-05-01,24716.54,13564.69
96,4,2023-06-01,24740.6,13715.37
97,4,2023-07-01,24939.65,13763.58
98,4,2023-08-01,25048.02,13941.9
99,4,2023-09-01,25076.3,14047.28
100,4,2023-10-01,25221.37,14219.17
101,4,2023-11-01,25590.37,14287.19
102,4,2023-12-01,25896.39,14431.32
103,4,2024-01-01,26062.47,14496.64
104,4,2024-02-01,26137.14,14640.2
105,4,2024-03-01,26252.69,14706.19
106,4,2024-04-01,26284.7,14915.43
107,4,2024-05-01,26747.16,15119.38
108,4,2024-06-01,27082.03,15216.27
109,4,2024-07-01,27350.48,15438.19
110,4,2024-08-01,27865.54,15593.65
111,4,2024-09-01,28303.48,15668.2
112,4,2024-10-01,28539.15,15703.27
113,4,2024-11-01,28754.03,15880.97
114,4,2024-12-01,29026.34,16083.3
115,4,2025-01-01,29200.93,16254.0
116,4,2025-02-01,29671.52,16477.02
117,4,2025-03-01,30005.26,16716.21
118,4,2025-04-01,30339.69,16749.83
119,4,2025-05-01,30487.06,16800.92
120,4,2025-06-01,30881.38,17033.33
121,5,2023-01-01,20000.0,9000.0
122,5,2023-02-01,20289.83,9025.72
123,5,2023-03-01,20398.77,9116.93
124,5,2023-04-01,20644.75,9236.4
125,5,2023-05-01,20722.44,9341.93
126,5,2023-06-01,21022.63,9420.24
127,5,2023-07-01,21224.19,9543.1
128,5,2023-08-01,21365.53,9680.09
129,5,2023-09-01,21372.08,9816.17
130,5,2023-10-01,21783.31,9833.44
131,5,2023-11-01,22218.79,9904.08
132,5,2023-12-01,22326.59,9993.87
133,5,2024-01-01,22417.91,10131.05
134,5,2024-02-01,22665.44,10248.9
135,5,2024-03-01,22838.0,10330.94
136,5,2024-04-01,23002.1,10371.47
137,5,2024-05-01,23238.02,10448.83
138,5,2024-06-01,23283.85,10602.63
139,5,2024-07-01,23502.48,10736.18
140,5,2024-08-01,23932.26,10795.88
141,5,2024-09-01,24130.39,10886.97
142,5,2024-10-01,24237.18,10910.8
143,5,2024-11-01,24363.59,11063.78
144,5,2024-12-01,24645.79,11133.08
145,5,2025-01-01,24720.92,11188.17
146,5,2025-02-01,24908.72,11328.03
147,5,2025-03-01,25157.46,11439.26
148,5,2025-04-01,25502.04,11483.41
149,5,2025-05-01,25921.09,11649.89
150,5,2025-06-01,26253.76,11735.62
151,6,2023-01-01,18000.0,9000.0
152,6,2023-02-01,18060.94,9097.24
153,6,2023-03-01,18237.33,9222.36
154,6,2023-04-01,18435.07,9311.14
155,6,2023-05-01,18456.72,9315.86
156,6,2023-06-01,18769.27,9447.94
157,6,2023-07-01,19020.11,9556.26
158,6,2023-08-01,19176.98,9677.03
159,6,2023-09-01,19265.74,9779.68
160,6,2023-10-01,19269.26,9853.87
161,6,2023-11-01,19413.09,9945.19
162,6,2023-12-01,19671.97,10037.16
163,6,2024-01-01,19862.08,10110.61
164,6,2024-02-01,19864.71,10194.27
165,6,2024-03-01,19869.42,10275.23
166,6,2024-04-01,19978.6,10425.89
167,6,2024-05-01,19985.45,10553.06
168,6,2024-06-01,20254.87,10680.67
169,6,2024-07-01,20623.42,10697.82
170,6,2024-08-01,20663.15,10721.71
171,6,2024-09-01,20742.47,10806.38
172,6,2024-10-01,21080.66,10849.71
173,6,2024-11-01,21248.0,10910.42
174,6,2024-12-01,21420.55,11002.89
175,6,2025-01-01,21844.78,11040.17
176,6,2025-02-01,22143.63,11180.58
177,6,2025-03-01,22433.15,11324.51
178,6,2025-04-01,22773.95,11340.39
179,6,2025-05-01,22946.7,11434.41
180,6,2025-06-01,22972.45,11436.03
181,7,2023-01-01,15000.0,6000.0
182,7,2023-02-01,15130.17,6070.59
183,7,2023-03-01,15301.4,6148.71
184,7,2023-04-01,15330.58,6197.42
185,7,2023-05-01,15343.63,6217.07
186,7,2023-06-01,15610.03,6299.84
187,7,2023-07-01,15758.48,6304.24
188,7,2023-08-01,15781.91,6391.77
189,7,2023-09-01,16065.77,6445.8
190,7,2023-10-01,16076.34,6535.6
191,7,2023-11-01,16177.46,6629.86
192,7,2023-12-01,16367.4,6704.67
193,7,2024-01-01,16600.7,6744.73
194,7,2024-02-01,16626.24,6761.17
195,7,2024-03-01,16706.2,6845.82
196,7,2024-04-01,16836.23,6937.88
197,7,2024-05-01,16947.93,7016.51
198,7,2024-06-01,16995.37,7120.54
199,7,2024-07-01,17241.52,7174.03
200,7,2024-08-01,17577.5,7179.81
201,7,2024-09-01,17731.16,7270.13
202,7,2024-10-01,17851.94,7353.99
203,7,2024-11-01,18192.86,7397.75
204,7,2024-12-01,18474.32,7401.04
205,7,2025-01-01,18575.31,7511.23
206,7,2025-02-01,18757.57,7551.32
207,7,2025-03-01,19110.64,7600.24
208,7,2025-04-01,19370.43,7675.56
209,7,2025-05-01,19403.63,7746.78
210,7,2025-06-01,19713.33,7829.64
211,8,2023-01-01,15000.0,6000.0
212,8,2023-02-01,15213.5,6057.05
213,8,2023-03-01,15438.55,6085.82
214,8,2023-04-01,15471.45,6086.29
215,8,2023-05-01,15566.84,6119.15
216,8,2023-06-01,15650.83,6131.31
217,8,2023-07-01,15709.49,6172.59
218,8,2023-08-01,15883.78,6210.37
219,8,2023-09-01,15892.12,6243.34
220,8,2023-10-01,15921.7,6299.35
221,8,2023-11-01,16025.01,6335.75
222,8,2023-12-01,16118.55,6372.61
223,8,2024-01-01,16145.85,6458.75
224,8,2024-02-01,16438.16,6553.52
225,8,2024-03-01,16626.2,6570.19
226,8,2024-04-01,16752.8,6583.87
227,8,2024-05-01,16853.7,6632.57
228,8,2024-06-01,16875.03,6675.82
229,8,2024-07-01,17017.15,6724.31
230,8,2024-08-01,17043.33,6749.7
231,8,2024-09-01,17127.38,6812.98
232,8,2024-10-01,17330.79,6832.96
233,8,2024-11-01,17367.87,6864.19
234,8,2024-12-01,17697.45,6898.4
235,8,2025-01-01,17916.97,6981.6
236,8,2025-02-01,18035.06,7016.65
237,8,2025-03-01,18329.2,7107.11
238,8,2025-04-01,18686.34,7121.62
239,8,2025-05-01,18806.18,7222.81
240,8,2025-06-01,18881.72,7256.85
241,9,2023-01-01,30000.0,12000.0
242,9,2023-02-01,30174.87,12125.09
243,9,2023-03-01,30471.19,12229.83
244,9,2023-04-01,30618.93,12298.82
245,9,2023-05-01,31118.93,12371.31
246,9,2023-06-01,31189.81,12475.94
247,9,2023-07-01,31559.24,12578.05
248,9,2023-08-01,31989.53,12681.84
249,9,2023-09-01,32599.25,12769.65
250,9,2023-10-01,33061.09,12853.63
251,9,2023-11-01,33253.72,12987.21
252,9,2023-12-01,33798.39,13142.21
253,9,2024-01-01,34074.96,13240.64
254,9,2024-02-01,34506.58,13288.71
255,9,2024-03-01,34961.14,13431.28
256,9,2024-04-01,35512.88,13446.18
257,9,2024-05-01,36216.53,13542.84
258,9,2024-06-01,36506.85,13645.75
259,9,2024-07-01,37178.86,13787.33
260,9,2024-08-01,37583.1,13950.86
261,9,2024-09-01,37853.34,14138.26
262,9,2024-10-01,38259.81,14273.6
263,9,2024-11-01,38324.84,14438.24
264,9,2024-12-01,38828.89,14515.13
265,9,2025-01-01,39331.34,14524.77
266,9,2025-02-01,40105.07,14672.37
267,9,2025-03-01,40425.6,14838.02
268,9,2025-04-01,41206.39,14933.83
269,9,2025-05-01,41215.08,14991.79
270,9,2025-06-01,41636.03,15108.46
271,10,2023-01-01,42000.0,21600.0
272,10,2023-02-01,42374.45,21726.73
273,10,2023-03-01,43029.0,21918.55
274,10,2023-04-01,43459.69,22031.97
275,10,2023-05-01,43481.04,22066.52
276,10,2023-06-01,43842.78,22384.85
277,10,2023-07-01,43944.56,22700.7
278,10,2023-08-01,44069.08,22806.9
279,10,2023-09-01,44470.4,22877.67
280,10,2023-10-01,44899.92,23041.07
281,10,2023-11-01,45293.39,23281.88
282,10,2023-12-01,45582.28,23386.74
283,10,2024-01-01,46320.88,23427.11
284,10,2024-02-01,47107.58,23654.81
285,10,2024-03-01,47745.55,23713.13
286,10,2024-04-01,48685.09,23799.89
287,10,2024-05-01,48854.96,23857.06
288,10,2024-06-01,49401.99,24200.05
289,10,2024-07-01,49631.07,24347.08
290,10,2024-08-01,49814.16,24580.99
291,10,2024-09-01,50244.69,24591.75
292,10,2024-10-01,50861.8,24664.54
293,10,2024-11-01,51464.21,24808.4
294,10,2024-12-01,52189.58,24884.98
295,10,2025-01-01,52974.85,25186.86
296,10,2025-02-01,53041.14,25225.3
297,10,2025-03-01,53966.16,25296.04
298,10,2025-04-01,54318.0,25469.65
299,10,2025-05-01,54603.01,25799.22
300,10,2025-06-01,55179.31,26046.55
301,11,2023-01-01,10800.0,5400.0
302,11,2023-02-01,10926.79,5428.18
303,11,2023-03-01,11111.57,5478.45
304,11,2023-04-01,11292.41,5536.47
305,11,2023-05-01,11359.59,5587.5
306,11,2023-06-01,11378.84,5598.73
307,11,2023-07-01,11405.66,5624.38
308,11,2023-08-01,11447.41,5682.88
309,11,2023-09-01,11564.36,5718.53
310,11,2023-10-01,11596.25,5751.44
311,11,2023-11-01,11639.33,5806.27
312,11,2023-12-01,11800.75,5862.47
313,11,2024-01-01,12036.74,5911.27
314,11,2024-02-01,12154.61,5923.71
315,11,2024-03-01,12231.08,5963.78
316,11,2024-04-01,12244.19,5995.9
317,11,2024-05-01,12246.54,6008.18
318,11,2024-06-01,12446.21,6095.04
319,11,2024-07-01,12572.03,6140.29
320,11,2024-08-01,12744.19,6178.57
321,11,2024-09-01,12958.26,6223.86
322,11,2024-10-01,12979.69,6226.74
323,11,2024-11-01,13177.26,6254.02
324,11,2024-12-01,13249.7,6304.45
325,11,2025-01-01,13294.27,6347.7
326,11,2025-02-01,13491.69,6420.63
327,11,2025-03-01,13640.02,6431.53
328,11,2025-04-01,13671.18,6506.31
329,11,2025-05-01,13896.28,6542.11
330,11,2025-06-01,14124.9,6546.19
331,12,2023-01-01,10000.0,4500.0
332,12,2023-02-01,10197.96,4506.91
333,12,2023-03-01,10367.26,4557.7
334,12,2023-04-01,10428.99,4626.02
335,12,2023-05-01,10522.8,4650.21
336,12,2023-06-01,10694.69,4680.84
337,12,2023-07-01,10907.29,4735.3
338,12,2023-08-01,10958.98,4792.88
339,12,2023-09-01,11087.84,4818.09
340,12,2023-10-01,11245.45,4863.82
341,12,2023-11-01,11282.78,4873.98
342,12,2023-12-01,11329.4,4889.11
343,12,2024-01-01,11342.85,4914.84
344,12,2024-02-01,11406.62,4954.56
345,12,2024-03-01,11480.46,5006.88
346,12,2024-04-01,11546.89,5026.96
347,12,2024-05-01,11745.04,5101.27
348,12,2024-06-01,11904.61,5108.56
349,12,2024-07-01,12133.84,5168.77
350,12,2024-08-01,12356.8,5245.72
351,12,2024-09-01,12571.08,5255.7
352,12,2024-10-01,12788.83,5275.38
353,12,2024-11-01,12970.79,5340.94
354,12,2024-12-01,13168.33,5395.12
355,12,2025-01-01,13297.24,5441.85
356,12,2025-02-01,13368.7,5475.66
357,12,2025-03-01,13489.55,5527.7
358,12,2025-04-01,13727.0,5535.42
359,12,2025-05-01,13868.56,5558.52
360,12,2025-06-01,14128.27,5589.29
361,13,2023-01-01,30000.0,13500.0
362,13,2023-02-01,30001.48,13656.76
363,13,2023-03-01,30441.14,13806.49
364,13,2023-04-01,30720.25,13944.03
365,13,2023-05-01,30940.34,13957.28
366,13,2023-06-01,31271.05,14002.88
367,13,2023-07-01,31539.76,14047.38
368,13,2023-08-01,31709.15,14221.92
369,13,2023-09-01,31923.35,14345.21
370,13,2023-10-01,32284.81,14449.64
371,13,2023-11-01,32506.76,14597.58
372,13,2023-12-01,32538.23,14619.38
373,13,2024-01-01,33048.36,14720.16
374,13,2024-02-01,33130.48,14909.53
375,13,2024-03-01,33422.88,14909.68
376,13,2024-04-01,34063.28,14954.93
377,13,2024-05-01,34532.39,14984.52
378,13,2024-06-01,34981.31,15020.25
379,13,2024-07-01,35633.87,15081.99
380,13,2024-08-01,36100.38,15138.64
381,13,2024-09-01,36368.85,15343.87
382,13,2024-10-01,36489.25,15435.09
383,13,2024-11-01,36712.21,15597.03
384,13,2024-12-01,36884.13,15750.38
385,13,2025-01-01,37403.24,15750.64
386,13,2025-02-01,37759.92,15781.99
387,13,2025-03-01,37930.74,15942.96
388,13,2025-04-01,37937.79,16109.31
389,13,2025-05-01,38557.78,16348.09
390,13,2025-06-01,38883.45,16380.5
391,14,2023-01-01,24000.0,13200.0
392,14,2023-02-01,24350.77,13220.28
393,14,2023-03-01,24503.38,13394.98
394,14,2023-04-01,24570.58,13550.39
395,14,2023-05-01,24940.69,13577.45
396,14,2023-06-01,25435.98,13606.54
397,14,2023-07-01,25705.86,13608.27
398,14,2023-08-01,26040.05,13698.1
399,14,2023-09-01,26416.29,13827.15
400,14,2023-10-01,26496.26,13912.54
401,14,2023-11-01,26860.09,14092.0
402,14,2023-12-01,26906.66,14113.24
403,14,2024-01-01,27311.58,14238.05
404,14,2024-02-01,27521.35,14443.77
405,14,2024-03-01,27694.46,14474.07
406,14,2024-04-01,27847.87,14492.36
407,14,2024-05-01,28156.09,14622.79
408,14,2024-06-01,28498.24,14793.65
409,14,2024-07-01,28891.79,14981.8
410,14,2024-08-01,29272.24,15049.59
411,14,2024-09-01,29575.35,15164.61
412,14,2024-10-01,30017.7,15231.84
413,14,2024-11-01,30050.46,15436.99
414,14,2024-12-01,30624.23,15551.58
415,14,2025-01-01,30693.28,15668.12
416,14,2025-02-01,31057.87,15792.28
417,14,2025-03-01,31665.17,16026.06
418,14,2025-04-01,32256.63,16057.79
419,14,2025-05-01,32811.97,16194.69
420,14,2025-06-01,33051.77,16360.59
421,15,2023-01-01,5000.0,2000.0
422,15,2023-02-01,5077.04,2000.5
423,15,2023-03-01,5083.9,2008.37
424,15,2023-04-01,5087.95,2010.19
425,15,2023-05-01,5168.27,2025.47
426,15,2023-06-01,5233.24,2040.69
427,15,2023-07-01,5276.72,2062.17
428,15,2023-08-01,5285.42,2078.77
429,15,2023-09-01,5350.54,2087.42
430,15,2023-10-01,5383.7,2103.43
431,15,2023-11-01,5405.58,2128.93
432,15,2023-12-01,5463.57,2141.41
433,15,2024-01-01,5532.88,2168.22
434,15,2024-02-01,5608.24,2170.37
435,15,2024-03-01,5686.61,2194.13
436,15,2024-04-01,5782.88,2196.04
437,15,2024-05-01,5792.85,2210.35
438,15,2024-06-01,5845.38,2230.54
439,15,2024-07-01,5881.54,2255.36
440,15,2024-08-01,5968.66,2259.4
441,15,2024-09-01,6053.16,2283.17
442,15,2024-10-01,6072.99,2315.81
443,15,2024-11-01,6136.51,2343.01
444,15,2024-12-01,6224.97,2348.88
445,15,2025-01-01,6240.77,2376.4
446,15,2025-02-01,6274.32,2408.0
447,15,2025-03-01,6371.12,2409.06
448,15,2025-04-01,6473.96,2418.89
449,15,2025-05-01,6482.23,2444.74
450,15,2025-06-01,6556.99,2447.57
451,16,2023-01-01,10000.0,4500.0
452,16,2023-02-01,10099.92,4538.26
453,16,2023-03-01,10174.19,4555.63
454,16,2023-04-01,10195.13,4594.85
455,16,2023-05-01,10342.51,4610.59
456,16,2023-06-01,10447.76,4613.64
457,16,2023-07-01,10628.07,4630.56
458,16,2023-08-01,10728.35,4657.16
459,16,2023-09-01,10760.55,4722.21
460,16,2023-10-01,10945.09,4761.37
461,16,2023-11-01,11145.15,4814.27
462,16,2023-12-01,11238.63,4837.51
463,16,2024-01-01,11332.19,4889.78
464,16,2024-02-01,11393.67,4895.49
465,16,2024-03-01,11478.62,4932.36
466,16,2024-04-01,11685.68,4945.63
467,16,2024-05-01,11873.66,5018.44
468,16,2024-06-01,12100.23,5023.63
469,16,2024-07-01,12212.78,5044.9
470,16,2024-08-01,12419.14,5069.67
471,16,2024-09-01,12556.52,5070.28
472,16,2024-10-01,12606.91,5113.16
473,16,2024-11-01,12683.54,5160.92
474,16,2024-12-01,12801.22,5206.73
475,16,2025-01-01,12927.53,5267.07
476,16,2025-02-01,12978.06,5338.21
477,16,2025-03-01,13175.45,5357.84
478,16,2025-04-01,13177.13,5390.79
479,16,2025-05-01,13238.53,5418.8
480,16,2025-06-01,13460.82,5490.1
481,17,2023-01-01,84000.0,43200.0
482,17,2023-02-01,85104.27,43750.16
483,17,2023-03-01,86342.05,43818.38
484,17,2023-04-01,87256.96,43974.92
485,17,2023-05-01,88115.62,44014.43
486,17,2023-06-01,89872.57,44484.27
487,17,2023-07-01,90039.78,45099.0
488,17,2023-08-01,91655.61,45450.61
489,17,2023-09-01,92940.34,45704.56
490,17,2023-10-01,94751.85,45762.77
491,17,2023-11-01,94932.97,45854.42
492,17,2023-12-01,96489.8,45905.89
493,17,2024-01-01,97585.58,46205.41
494,17,2024-02-01,99467.46,46369.51
495,17,2024-03-01,99986.66,46588.61
496,17,2024-04-01,101588.08,47078.3
497,17,2024-05-01,103082.14,47302.9
498,17,2024-06-01,103642.82,47355.89
499,17,2024-07-01,104063.01,47909.91
500,17,2024-08-01,105279.94,48021.6
501,17,2024-09-01,105626.05,48357.31
502,17,2024-10-01,106484.82,48746.05
503,17,2024-11-01,108539.2,48897.87
504,17,2024-12-01,109208.47,49092.24
505,17,2025-01-01,109470.38,49208.31
506,17,2025-02-01,110972.43,49818.29
507,17,2025-03-01,112519.11,49848.43
508,17,2025-04-01,114400.26,50093.53
509,17,2025-05-01,114608.96,50280.04
510,17,2025-06-01,115424.39,50667.29
511,18,2023-01-01,192000.0,105600.0
512,18,2023-02-01,195804.2,105649.23
513,18,2023-03-01,197387.83,106365.85
514,18,2023-04-01,200341.06,106764.49
515,18,2023-05-01,202192.38,108051.9
516,18,2023-06-01,202757.68,108071.28
517,18,2023-07-01,206124.97,109664.09
518,18,2023-08-01,206663.84,111019.0
519,18,2023-09-01,208202.41,112068.63
520,18,2023-10-01,210886.91,113047.53
521,18,2023-11-01,211978.55,114425.72
522,18,2023-12-01,212070.97,114536.38
523,18,2024-01-01,215898.83,115298.22
524,18,2024-02-01,216454.95,116863.53
525,18,2024-03-01,220045.31,117444.72
526,18,2024-04-01,220233.21,118256.84
527,18,2024-05-01,220973.15,119274.83
528,18,2024-06-01,224604.56,119981.53
529,18,2024-07-01,224737.0,121211.12
530,18,2024-08-01,225513.72,121601.51
531,18,2024-09-01,226357.82,122111.97
532,18,2024-10-01,230357.22,122175.44
533,18,2024-11-01,233209.86,122625.87
534,18,2024-12-01,234586.29,123383.68
535,18,2025-01-01,237169.97,123496.54
536,18,2025-02-01,238497.06,123750.76
537,18,2025-03-01,239448.46,125392.91
538,18,2025-04-01,241966.57,126579.29
539,18,2025-05-01,245848.53,128088.46
540,18,2025-06-01,250713.4,129590.78
541,19,2023-01-01,50400.0,25920.0
542,19,2023-02-01,50888.56,26274.85
543,19,2023-03-01,51399.88,26427.92
544,19,2023-04-01,51584.73,26554.33
545,19,2023-05-01,51810.69,26911.13
546,19,2023-06-01,52617.42,26934.78
547,19,2023-07-01,53660.86,27148.68
548,19,2023-08-01,54483.85,27555.75
549,19,2023-09-01,55545.17,27597.14
550,19,2023-10-01,56274.88,27707.47
551,19,2023-11-01,57193.61,28088.69
552,19,2023-12-01,57257.56,28508.5
553,19,2024-01-01,57508.82,28870.49
554,19,2024-02-01,58425.96,29024.14
555,19,2024-03-01,59406.61,29392.12
556,19,2024-04-01,59615.84,29653.35
557,19,2024-05-01,60577.1,29963.65
558,19,2024-06-01,61684.43,29976.33
559,19,2024-07-01,62548.7,30402.4
560,19,2024-08-01,63253.76,30659.2
561,19,2024-09-01,63491.89,31113.57
562,19,2024-10-01,64611.41,31343.29
563,19,2024-11-01,65010.78,31573.87
564,19,2024-12-01,65128.13,31684.04
565,19,2025-01-01,65413.14,31934.24
566,19,2025-02-01,65414.03,32373.92
567,19,2025-03-01,65677.6,32437.29
568,19,2025-04-01,66619.33,32884.33
569,19,2025-05-01,67744.24,33043.95
570,19,2025-06-01,67773.93,33334.71
571,20,2023-01-01,57600.0,31680.0
572,20,2023-02-01,58575.15,32088.99
573,20,2023-03-01,59700.45,32268.81
574,20,2023-04-01,60825.11,32460.29
575,20,2023-05-01,60948.02,32607.22
576,20,2023-06-01,61114.35,32684.26
577,20,2023-07-01,62273.93,33072.47
578,20,2023-08-01,63470.41,33394.52
579,20,2023-09-01,63691.54,33879.78
580,20,2023-10-01,64575.02,34351.82
581,20,2023-11-01,65591.42,34466.85
582,20,2023-12-01,66364.02,34557.51
583,20,2024-01-01,66771.26,34914.4
584,20,2024-02-01,66941.32,35296.1
585,20,2024-03-01,68211.58,35798.38
586,20,2024-04-01,68745.82,36332.29
587,20,2024-05-01,70072.87,36349.94
588,20,2024-06-01,70917.09,36852.14
589,20,2024-07-01,72289.38,36974.25
590,20,2024-08-01,73107.05,37493.75
591,20,2024-09-01,73312.69,37912.94
592,20,2024-10-01,73661.65,38471.61
593,20,2024-11-01,73908.99,38982.51
594,20,2024-12-01,74040.14,39397.07
595,20,2025-01-01,74986.53,39921.04
596,20,2025-02-01,75656.35,40079.85
597,20,2025-03-01,76033.94,40120.61
598,20,2025-04-01,76424.23,40185.63
599,20,2025-05-01,76426.19,40418.27
600,20,2025-06-01,77545.96,41005.81
601,21,2023-01-01,5000.0,2000.0
602,21,2023-02-01,5037.87,2016.38
603,21,2023-03-01,5048.09,2030.88
604,21,2023-04-01,5135.33,2050.71
605,21,2023-05-01,5205.91,2055.71
606,21,2023-06-01,5213.58,2081.79
607,21,2023-07-01,5244.33,2091.74
608,21,2023-08-01,5344.15,2094.07
609,21,2023-09-01,5362.33,2105.86
610,21,2023-10-01,5440.83,2123.14
611,21,2023-11-01,5538.56,2126.11
612,21,2023-12-01,5604.36,2145.68
613,21,2024-01-01,5658.47,2146.68
614,21,2024-02-01,5765.13,2151.99
615,21,2024-03-01,5867.72,2157.06
616,21,2024-04-01,5879.6,2163.71
617,21,2024-05-01,5901.94,2186.34
618,21,2024-06-01,5987.17,2210.28
619,21,2024-07-01,6018.93,2219.61
620,21,2024-08-01,6047.53,2221.26
621,21,2024-09-01,6116.69,2249.24
622,21,2024-10-01,6135.48,2261.41
623,21,2024-11-01,6187.95,2271.4
624,21,2024-12-01,6269.88,2291.85
625,21,2025-01-01,6294.92,2292.73
626,21,2025-02-01,6316.43,2302.77
627,21,2025-03-01,6326.78,2331.92
628,21,2025-04-01,6365.8,2345.82
629,21,2025-05-01,6428.07,2369.08
630,21,2025-06-01,6439.79,2388.42
631,22,2023-01-01,30000.0,13500.0
632,22,2023-02-01,30221.64,13590.27
633,22,2023-03-01,30380.78,13685.07
634,22,2023-04-01,30518.25,13740.2
635,22,2023-05-01,30555.87,13895.24
636,22,2023-06-01,30963.77,13913.1
637,22,2023-07-01,31176.67,14026.1
638,22,2023-08-01,31781.94,14150.17
639,22,2023-09-01,32133.83,14328.63
640,22,2023-10-01,32659.8,14418.61
641,22,2023-11-01,33009.6,14606.1
642,22,2023-12-01,33323.08,14799.26
643,22,2024-01-01,33640.49,14816.79
644,22,2024-02-01,34247.89,14975.55
645,22,2024-03-01,34591.81,15177.82
646,22,2024-04-01,35145.59,15332.07
647,22,2024-05-01,35581.59,15359.73
648,22,2024-06-01,36120.43,15399.56
649,22,2024-07-01,36831.55,15624.12
650,22,2024-08-01,37427.09,15653.69
651,22,2024-09-01,37744.0,15885.74
652,22,2024-10-01,38072.67,16123.38
653,22,2024-11-01,38550.27,16325.11
654,22,2024-12-01,38749.1,16548.14
655,22,2025-01-01,39457.57,16564.77
656,22,2025-02-01,39763.84,16663.5
657,22,2025-03-01,40023.2,16732.54
658,22,2025-04-01,40389.94,16951.77
659,22,2025-05-01,41025.31,17110.2
660,22,2025-06-01,41454.08,17217.89
661,23,2023-01-01,20000.0,9000.0
662,23,2023-02-01,20235.17,9102.38
663,23,2023-03-01,20615.45,9228.67
664,23,2023-04-01,20847.45,9242.65
665,23,2023-05-01,20966.74,9316.91
666,23,2023-06-01,21110.94,9374.33
667,23,2023-07-01,21272.67,9442.61
668,23,2023-08-01,21531.76,9447.92
669,23,2023-09-01,21650.36,9468.31
670,23,2023-10-01,21913.91,9566.83
671,23,2023-11-01,21930.91,9694.49
672,23,2023-12-01,22076.31,9729.04
673,23,2024-01-01,22405.58,9863.42
674,23,2024-02-01,22807.55,9866.41
675,23,2024-03-01,23180.4,9911.26
676,23,2024-04-01,23310.37,9984.35
677,23,2024-05-01,23634.94,9999.06
678,23,2024-06-01,24045.67,10019.22
679,23,2024-07-01,24514.19,10085.81
680,23,2024-08-01,24919.08,10126.57
681,23,2024-09-01,25126.79,10224.63
682,23,2024-10-01,25221.23,10257.05
683,23,2024-11-01,25636.86,10371.05
684,23,2024-12-01,26026.28,10505.95
685,23,2025-01-01,26453.64,10587.15
686,23,2025-02-01,26537.75,10636.56
687,23,2025-03-01,26806.73,10658.2
688,23,2025-04-01,27263.14,10798.78
689,23,2025-05-01,27278.92,10830.0
690,23,2025-06-01,27733.35,10965.97
691,24,2023-01-01,30000.0,13500.0
692,24,2023-02-01,30550.82,13642.69
693,24,2023-03-01,30718.22,13811.21
694,24,2023-04-01,31028.55,13942.85
695,24,2023-05-01,31105.42,13949.24
696,24,2023-06-01,31337.13,14073.54
697,24,2023-07-01,31448.43,14257.3
698,24,2023-08-01,31817.56,14332.1
699,24,2023-09-01,31921.61,14524.4
700,24,2023-10-01,32399.77,14674.48
701,24,2023-11-01,32584.49,14759.57
702,24,2023-12-01,32690.66,14886.26
703,24,2024-01-01,33321.54,15077.65
704,24,2024-02-01,33752.97,15230.92
705,24,2024-03-01,33934.62,15324.48
706,24,2024-04-01,33948.23,15503.85
707,24,2024-05-01,34469.38,15505.92
708,24,2024-06-01,35097.77,15656.49
709,24,2024-07-01,35519.74,15658.48
710,24,2024-08-01,35699.04,15847.58
711,24,2024-09-01,35917.13,16077.45
712,24,2024-10-01,36378.84,16179.66
713,24,2024-11-01,36652.75,16264.29
714,24,2024-12-01,36837.48,16378.15
715,24,2025-01-01,37336.4,16580.66
716,24,2025-02-01,37632.96,16606.11
717,24,2025-03-01,38017.96,16771.1
718,24,2025-04-01,38659.16,16865.24
719,24,2025-05-01,39159.67,17019.32
720,24,2025-06-01,39393.43,17046.92
721,25,2023-01-01,12500.0,5000.0
722,25,2023-02-01,12660.15,5064.61
723,25,2023-03-01,12726.27,5118.63
724,25,2023-04-01,12953.4,5141.57
725,25,2023-05-01,12992.24,5200.61
726,25,2023-06-01,13226.02,5263.44
727,25,2023-07-01,13438.26,5310.81
728,25,2023-08-01,13615.79,5365.04
729,25,2023-09-01,13812.21,5417.78
730,25,2023-10-01,14087.76,5438.86
731,25,2023-11-01,14205.69,5470.54
732,25,2023-12-01,14215.72,5528.64
733,25,2024-01-01,14378.36,5544.39
734,25,2024-02-01,14587.29,5562.88
735,25,2024-03-01,14743.27,5628.37
736,25,2024-04-01,15010.57,5685.09
737,25,2024-05-01,15162.87,5757.18
738,25,2024-06-01,15417.8,5832.87
739,25,2024-07-01,15473.65,5841.41
740,25,2024-08-01,15513.25,5864.07
741,25,2024-09-01,15764.05,5931.18
742,25,2024-10-01,15821.77,5991.65
743,25,2024-11-01,15927.98,5999.68
744,25,2024-12-01,16041.16,6066.66
745,25,2025-01-01,16139.68,6138.38
746,25,2025-02-01,16246.63,6162.37
747,25,2025-03-01,16342.18,6241.05
748,25,2025-04-01,16495.97,6322.16
749,25,2025-05-01,16688.5,6411.71
750,25,2025-06-01,16712.27,6497.25
751,26,2023-01-01,2500.0,1000.0
752,26,2023-02-01,2519.08,1004.48
753,26,2023-03-01,2521.8,1017.35
754,26,2023-04-01,2528.73,1020.41
755,26,2023-05-01,2549.42,1029.13
756,26,2023-06-01,2595.65,1036.19
757,26,2023-07-01,2612.07,1047.31
758,26,2023-08-01,2652.76,1054.97
759,26,2023-09-01,2686.24,1057.77
760,26,2023-10-01,2720.33,1057.84
761,26,2023-11-01,2735.21,1069.92
762,26,2023-12-01,2744.43,1082.19
763,26,2024-01-01,2771.3,1094.58
764,26,2024-02-01,2776.18,1104.67
765,26,2024-03-01,2811.35,1111.35
766,26,2024-04-01,2865.63,1117.74
767,26,2024-05-01,2867.79,1121.08
768,26,2024-06-01,2889.19,1121.32
769,26,2024-07-01,2907.81,1135.33
770,26,2024-08-01,2918.89,1146.85
771,26,2024-09-01,2955.47,1151.13
772,26,2024-10-01,2996.46,1157.08
773,26,2024-11-01,3004.19,1163.74
774,26,2024-12-01,3039.56,1166.66
775,26,2025-01-01,3089.64,1171.88
776,26,2025-02-01,3107.61,1184.67
777,26,2025-03-01,3144.68,1190.67
778,26,2025-04-01,3200.53,1208.45
779,26,2025-05-01,3222.47,1224.79
780,26,2025-06-01,3245.62,1228.25
781,27,2023-01-01,7500.0,3000.0
782,27,2023-02-01,7560.51,3010.28
783,27,2023-03-01,7670.47,3016.2
784,27,2023-04-01,7783.08,3042.88
785,27,2023-05-01,7809.38,3059.61
786,27,2023-06-01,7910.99,3061.32
787,27,2023-07-01,8049.68,3073.07
788,27,2023-08-01,8135.77,3075.31
789,27,2023-09-01,8297.62,3105.85
790,27,2023-10-01,8406.08,3106.77
791,27,2023-11-01,8522.04,3126.19
792,27,2023-12-01,8586.85,3151.85
793,27,2024-01-01,8668.32,3159.09
794,27,2024-02-01,8788.84,3188.96
795,27,2024-03-01,8841.77,3220.61
796,27,2024-04-01,8958.92,3233.65
797,27,2024-05-01,9067.44,3240.3
798,27,2024-06-01,9218.08,3245.4
799,27,2024-07-01,9350.59,3251.13
800,27,2024-08-01,9371.91,3256.31
801,27,2024-09-01,9409.14,3266.07
802,27,2024-10-01,9458.63,3291.7
803,27,2024-11-01,9496.78,3326.43
804,27,2024-12-01,9552.88,3328.4
805,27,2025-01-01,9647.71,3338.77
806,27,2025-02-01,9827.76,3355.33
807,27,2025-03-01,9828.3,3389.13
808,27,2025-04-01,10006.56,3431.59
809,27,2025-05-01,10140.45,3439.27
810,27,2025-06-01,10158.72,3465.67
811,28,2023-01-01,192000.0,105600.0
812,28,2023-02-01,192982.63,105966.16
813,28,2023-03-01,196798.54,106436.69
814,28,2023-04-01,198625.92,106596.04
815,28,2023-05-01,199319.93,106659.11
816,28,2023-06-01,200478.25,107941.57
817,28,2023-07-01,201732.07,109137.36
818,28,2023-08-01,202115.35,110378.59
819,28,2023-09-01,202300.85,111789.23
820,28,2023-10-01,204984.8,112075.15
821,28,2023-11-01,206450.55,112811.0
822,28,2023-12-01,209018.0,114297.53
823,28,2024-01-01,209406.57,115694.76
824,28,2024-02-01,210172.45,116390.28
825,28,2024-03-01,214217.47,116864.86
826,28,2024-04-01,215870.01,118356.06
827,28,2024-05-01,219323.49,119507.98
828,28,2024-06-01,222819.11,119710.65
829,28,2024-07-01,225921.51,119815.96
830,28,2024-08-01,230179.98,120102.43
831,28,2024-09-01,232095.21,121166.69
832,28,2024-10-01,235819.25,122399.67
833,28,2024-11-01,236674.14,123096.89
834,28,2024-12-01,238371.56,123150.1
835,28,2025-01-01,241634.7,124699.09
836,28,2025-02-01,246339.06,124943.48
837,28,2025-03-01,250873.66,125155.14
838,28,2025-04-01,252937.27,125241.45
839,28,2025-05-01,254260.7,125831.78
840,28,2025-06-01,257843.58,127111.36
841,29,2023-01-01,72000.0,36000.0
842,29,2023-02-01,72813.62,36528.06
843,29,2023-03-01,73789.1,36713.42
844,29,2023-04-01,74561.09,37099.23
845,29,2023-05-01,74703.12,37467.47
846,29,2023-06-01,75074.51,37661.79
847,29,2023-07-01,76089.96,37879.22
848,29,2023-08-01,77366.8,38196.46
849,29,2023-09-01,78895.25,38227.72
850,29,2023-10-01,79910.47,38317.7
851,29,2023-11-01,81267.1,38807.33
852,29,2023-12-01,82680.2,38850.91
853,29,2024-01-01,83493.19,38991.29
854,29,2024-02-01,85113.2,39020.74
855,29,2024-03-01,85492.31,39397.28
856,29,2024-04-01,86181.85,39536.16
857,29,2024-05-01,86973.16,40011.34
858,29,2024-06-01,87752.61,40525.44
859,29,2024-07-01,88537.24,40597.6
860,29,2024-08-01,89417.96,40995.48
861,29,2024-09-01,89601.52,41249.04
862,29,2024-10-01,90599.92,41249.15
863,29,2024-11-01,90764.62,41622.99
864,29,2024-12-01,91888.41,41813.16
865,29,2025-01-01,92822.62,41942.9
866,29,2025-02-01,94069.18,42540.81
867,29,2025-03-01,94752.77,42575.44
868,29,2025-04-01,95175.21,42865.67
869,29,2025-05-01,96241.46,43264.17
870,29,2025-06-01,97152.16,43690.65
871,30,2023-01-01,50400.0,25920.0
872,30,2023-02-01,51165.39,26006.22
873,30,2023-03-01,51514.7,26329.95
874,30,2023-04-01,52508.35,26445.27
875,30,2023-05-01,53056.52,26723.78
876,30,2023-06-01,53105.1,26789.58
877,30,2023-07-01,53254.27,27077.64
878,30,2023-08-01,54022.79,27121.08
879,30,2023-09-01,54682.79,27197.38
880,30,2023-10-01,55700.13,27357.67
881,30,2023-11-01,56209.28,27678.34
882,30,2023-12-01,57015.08,27723.08
883,30,2024-01-01,57487.7,28108.41
884,30,2024-02-01,58450.58,28356.67
885,30,2024-03-01,59353.23,28548.29
886,30,2024-04-01,60134.86,28957.75
887,30,2024-05-01,60296.79,29174.42
888,30,2024-06-01,60936.38,29195.68
889,30,2024-07-01,62076.27,29563.03
890,30,2024-08-01,62675.84,29788.45
891,30,2024-09-01,63830.53,29867.63
892,30,2024-10-01,64569.12,30194.9
893,30,2024-11-01,64734.91,30370.37
894,30,2024-12-01,65512.44,30772.49
895,30,2025-01-01,66172.95,30950.05
896,30,2025-02-01,67469.28,31375.26
897,30,2025-03-01,68498.02,31504.02
898,30,2025-04-01,69818.1,31962.64
899,30,2025-05-01,70450.44,32026.58
900,30,2025-06-01,71032.0,32362.87
901,31,2023-01-01,96000.0,52800.0
902,31,2023-02-01,97346.87,53481.68
903,31,2023-03-01,98732.84,54232.17
904,31,2023-04-01,99981.97,54395.59
905,31,2023-05-01,101230.08,54632.68
906,31,2023-06-01,101929.16,55183.68
907,31,2023-07-01,103929.69,55721.79
908,31,2023-08-01,105921.66,56142.96
909,31,2023-09-01,107392.51,56414.45
910,31,2023-10-01,107640.38,56712.52
911,31,2023-11-01,108674.52,57197.95
912,31,2023-12-01,110124.58,57556.13
913,31,2024-01-01,111771.75,58282.54
914,31,2024-02-01,112410.92,59023.28
915,31,2024-03-01,114228.17,59486.08
916,31,2024-04-01,114285.91,59615.75
917,31,2024-05-01,115817.92,59794.51
918,31,2024-06-01,117555.62,59938.86
919,31,2024-07-01,118229.49,60164.14
920,31,2024-08-01,120214.28,60787.38
921,31,2024-09-01,120923.88,61474.52
922,31,2024-10-01,121002.01,62225.15
923,31,2024-11-01,121250.02,63035.35
924,31,2024-12-01,123043.29,63853.08
925,31,2025-01-01,124870.27,64390.66
926,31,2025-02-01,125463.64,65148.19
927,31,2025-03-01,127468.1,65429.28
928,31,2025-04-01,129162.13,66338.57
929,31,2025-05-01,130163.28,67290.56
930,31,2025-06-01,132703.61,67606.14
931,32,2023-01-01,36000.0,18000.0
932,32,2023-02-01,36180.97,18167.55
933,32,2023-03-01,36746.06,18404.67
934,32,2023-04-01,37356.03,18656.3
935,32,2023-05-01,37882.47,18837.54
936,32,2023-06-01,38454.58,18991.99
937,32,2023-07-01,38918.64,19213.1
938,32,2023-08-01,39669.22,19297.88
939,32,2023-09-01,39809.99,19495.49
940,32,2023-10-01,39958.86,19546.31
941,32,2023-11-01,40369.51,19656.9
942,32,2023-12-01,40715.48,19821.02
943,32,2024-01-01,40821.39,19994.65
944,32,2024-02-01,41029.59,20093.79
945,32,2024-03-01,41611.96,20140.45
946,32,2024-04-01,41739.88,20237.92
947,32,2024-05-01,41782.33,20520.96
948,32,2024-06-01,42296.76,20724.7
949,32,2024-07-01,42711.73,20902.73
950,32,2024-08-01,43017.62,21148.56
951,32,2024-09-01,43291.09,21218.34
952,32,2024-10-01,43450.29,21240.04
953,32,2024-11-01,43889.26,21372.56
954,32,2024-12-01,44360.66,21402.04
955,32,2025-01-01,44556.91,21470.53
956,32,2025-02-01,44852.66,21586.73
957,32,2025-03-01,45048.62,21830.44
958,32,2025-04-01,45526.58,22156.79
959,32,2025-05-01,46276.57,22482.87
960,32,2025-06-01,46284.72,22708.46
961,33,2023-01-01,14400.0,7920.0
962,33,2023-02-01,14576.75,7993.79
963,33,2023-03-01,14856.3,8075.63
964,33,2023-04-01,14951.66,8186.58
965,33,2023-05-01,15234.24,8233.97
966,33,2023-06-01,15398.84,8268.9
967,33,2023-07-01,15679.51,8370.87
968,33,2023-08-01,15797.09,8471.67
969,33,2023-09-01,15937.86,8477.24
970,33,2023-10-01,16224.19,8501.72
971,33,2023-11-01,16390.94,8622.64
972,33,2023-12-01,16445.82,8746.32
973,33,2024-01-01,16622.77,8747.28
974,33,2024-02-01,16644.54,8835.23
975,33,2024-03-01,16902.06,8949.86
976,33,2024-04-01,17045.46,8963.81
977,33,2024-05-01,17228.79,9058.3
978,33,2024-06-01,17565.17,9163.63
979,33,2024-07-01,17792.31,9292.8
980,33,2024-08-01,18058.09,9314.23
981,33,2024-09-01,18223.94,9360.58
982,33,2024-10-01,18255.84,9368.2
983,33,2024-11-01,18545.82,9446.62
984,33,2024-12-01,18759.08,9478.88
985,33,2025-01-01,18856.12,9534.05
986,33,2025-02-01,19093.79,9595.98
987,33,2025-03-01,19100.24,9692.89
988,33,2025-04-01,19304.55,9786.15
989,33,2025-05-01,19543.29,9897.12
990,33,2025-06-01,19772.18,10001.17
991,34,2023-01-01,28800.0,15840.0
992,34,2023-02-01,28861.13,16026.97
993,34,2023-03-01,29035.08,16047.77
994,34,2023-04-01,29479.48,16153.13
995,34,2023-05-01,29712.43,16313.22
996,34,2023-06-01,29994.1,16443.76
997,34,2023-07-01,30075.91,16540.2
998,34,2023-08-01,30555.61,16675.6
999,34,2023-09-01,31142.36,16711.64
1000,34,2023-10-01,31564.21,16940.8
1001,34,2023-11-01,32066.09,17126.13
1002,34,2023-12-01,32305.39,17370.04
1003,34,2024-01-01,32663.03,17514.66
1004,34,2024-02-01,32743.53,17515.98
1005,34,2024-03-01,33134.26,17657.11
1006,34,2024-04-01,33761.81,17737.81
1007,34,2024-05-01,34267.09,17978.21
1008,34,2024-06-01,34502.75,18089.49
1009,34,2024-07-01,34948.48,18228.57
1010,34,2024-08-01,35060.98,18288.94
1011,34,2024-09-01,35646.32,18342.25
1012,34,2024-10-01,35775.61,18562.26
1013,34,2024-11-01,36385.41,18799.32
1014,34,2024-12-01,37063.9,19079.71
1015,34,2025-01-01,37405.83,19237.02
1016,34,2025-02-01,37623.27,19256.46
1017,34,2025-03-01,37697.16,19466.04
1018,34,2025-04-01,38064.47,19562.65
1019,34,2025-05-01,38162.08,19754.99
1020,34,2025-06-01,38238.44,19938.57
1021,35,2023-01-01,96000.0,52800.0
1022,35,2023-02-01,96865.24,53288.14
1023,35,2023-03-01,97457.43,53755.08
1024,35,2023-04-01,98559.77,54048.98
1025,35,2023-05-01,99183.32,54396.22
1026,35,2023-06-01,99192.9,54597.08
1027,35,2023-07-01,99632.38,55202.96
1028,35,2023-08-01,100501.42,55898.61
1029,35,2023-09-01,100771.38,56513.19
1030,35,2023-10-01,102540.7,56905.55
1031,35,2023-11-01,103276.41,57166.3
1032,35,2023-12-01,104415.9,57317.02
1033,35,2024-01-01,105682.73,58040.76
1034,35,2024-02-01,107497.75,58162.65
1035,35,2024-03-01,108655.75,58392.31
1036,35,2024-04-01,110581.86,58459.28
1037,35,2024-05-01,110748.62,58475.62
1038,35,2024-06-01,111872.01,58502.98
1039,35,2024-07-01,113173.96,58858.5
1040,35,2024-08-01,114509.49,59658.66
1041,35,2024-09-01,115772.74,60145.0
1042,35,2024-10-01,118085.25,60570.92
1043,35,2024-11-01,119916.04,60903.29
1044,35,2024-12-01,120451.6,61608.68
1045,35,2025-01-01,122217.97,61877.6
1046,35,2025-02-01,123353.87,62351.35
1047,35,2025-03-01,124332.77,62821.01
1048,35,2025-04-01,125980.62,63620.08
1049,35,2025-05-01,128012.79,64206.06
1050,35,2025-06-01,128437.39,64701.22
1051,36,2023-01-01,20000.0,9000.0
1052,36,2023-02-01,20379.48,9089.02
1053,36,2023-03-01,20773.92,9189.35
1054,36,2023-04-01,20974.81,9238.81
1055,36,2023-05-01,21066.6,9306.39
1056,36,2023-06-01,21093.09,9357.96
1057,36,2023-07-01,21111.15,9386.98
1058,36,2023-08-01,21494.41,9437.85
1059,36,2023-09-01,21696.32,9502.21
1060,36,2023-10-01,21716.47,9641.98
1061,36,2023-11-01,21857.22,9743.76
1062,36,2023-12-01,22085.14,9865.02
1063,36,2024-01-01,22453.91,9903.98
1064,36,2024-02-01,22698.37,9929.81
1065,36,2024-03-01,22995.12,9984.22
1066,36,2024-04-01,23295.59,10109.34
1067,36,2024-05-01,23536.31,10166.41
1068,36,2024-06-01,23963.37,10245.15
1069,36,2024-07-01,24132.5,10378.5
1070,36,2024-08-01,24367.48,10453.55
1071,36,2024-09-01,24661.94,10532.24
1072,36,2024-10-01,24730.48,10558.4
1073,36,2024-11-01,24768.61,10660.31
1074,36,2024-12-01,24873.39,10690.2
1075,36,2025-01-01,25053.58,10805.22
1076,36,2025-02-01,25112.87,10842.55
1077,36,2025-03-01,25520.29,10959.69
1078,36,2025-04-01,25766.06,11038.4
1079,36,2025-05-01,25874.64,11065.1
1080,36,2025-06-01,26305.9,11068.83
1081,37,2023-01-01,5000.0,2000.0
1082,37,2023-02-01,5016.11,2018.89
1083,37,2023-03-01,5020.04,2036.22
1084,37,2023-04-01,5025.65,2044.11
1085,37,2023-05-01,5043.75,2073.49
1086,37,2023-06-01,5104.21,2091.02
1087,37,2023-07-01,5106.11,2113.59
1088,37,2023-08-01,5173.69,2122.58
1089,37,2023-09-01,5182.56,2136.88
1090,37,2023-10-01,5285.46,2164.68
1091,37,2023-11-01,5303.49,2191.64
1092,37,2023-12-01,5367.22,2217.76
1093,37,2024-01-01,5455.29,2223.81
1094,37,2024-02-01,5527.26,2232.63
1095,37,2024-03-01,5607.32,2244.11
1096,37,2024-04-01,5658.18,2263.99
1097,37,2024-05-01,5684.19,2277.08
1098,37,2024-06-01,5696.53,2283.99
1099,37,2024-07-01,5794.46,2301.27
1100,37,2024-08-01,5843.11,2306.43
1101,37,2024-09-01,5854.36,2322.89
1102,37,2024-10-01,5926.34,2324.25
1103,37,2024-11-01,6019.25,2341.8
1104,37,2024-12-01,6033.4,2358.74
1105,37,2025-01-01,6049.13,2380.09
1106,37,2025-02-01,6149.25,2412.11
1107,37,2025-03-01,6244.55,2435.6
1108,37,2025-04-01,6309.75,2449.13
1109,37,2025-05-01,6315.23,2468.59
1110,37,2025-06-01,6344.22,2498.3
1111,38,2023-01-01,12000.0,6600.0
1112,38,2023-02-01,12141.37,6673.4
1113,38,2023-03-01,12326.29,6743.14
1114,38,2023-04-01,12350.38,6756.68
1115,38,2023-05-01,12468.24,6780.25
1116,38,2023-06-01,12682.46,6809.06
1117,38,2023-07-01,12904.85,6850.8
1118,38,2023-08-01,12953.64,6923.67
1119,38,2023-09-01,13158.16,6983.7
1120,38,2023-10-01,13189.17,6984.45
1121,38,2023-11-01,13361.83,7056.51
1122,38,2023-12-01,13446.25,7094.86
1123,38,2024-01-01,13487.87,7164.2
1124,38,2024-02-01,13556.29,7256.08
1125,38,2024-03-01,13671.13,7295.88
1126,38,2024-04-01,13746.47,7370.36
1127,38,2024-05-01,13954.03,7416.04
1128,38,2024-06-01,14172.77,7469.71
1129,38,2024-07-01,14277.71,7531.89
1130,38,2024-08-01,14350.18,7566.54
1131,38,2024-09-01,14449.01,7646.61
1132,38,2024-10-01,14661.64,7744.68
1133,38,2024-11-01,14854.96,7831.55
1134,38,2024-12-01,14987.64,7913.7
1135,38,2025-01-01,15036.14,7939.16
1136,38,2025-02-01,15156.6,7979.46
1137,38,2025-03-01,15323.5,8062.89
1138,38,2025-04-01,15540.11,8082.33
1139,38,2025-05-01,15839.9,8082.97
1140,38,2025-06-01,15868.76,8100.59
1141,39,2023-01-01,10000.0,4500.0
1142,39,2023-02-01,10012.82,4514.97
1143,39,2023-03-01,10028.85,4517.53
1144,39,2023-04-01,10105.94,4584.24
1145,39,2023-05-01,10230.03,4620.07
1146,39,2023-06-01,10375.62,4661.48
1147,39,2023-07-01,10571.87,4718.83
1148,39,2023-08-01,10707.25,4749.9
1149,39,2023-09-01,10750.44,4796.7
1150,39,2023-10-01,10923.29,4817.28
1151,39,2023-11-01,10930.63,4860.6
1152,39,2023-12-01,11043.39,4877.49
1153,39,2024-01-01,11080.82,4880.13
1154,39,2024-02-01,11133.84,4880.15
1155,39,2024-03-01,11168.9,4953.12
1156,39,2024-04-01,11343.06,4979.36
1157,39,2024-05-01,11432.7,5023.13
1158,39,2024-06-01,11551.08,5078.66
1159,39,2024-07-01,11566.93,5085.53
1160,39,2024-08-01,11632.74,5148.83
1161,39,2024-09-01,11845.62,5175.71
1162,39,2024-10-01,12073.83,5197.18
1163,39,2024-11-01,12220.25,5212.34
1164,39,2024-12-01,12447.48,5257.29
1165,39,2025-01-01,12512.48,5289.4
1166,39,2025-02-01,12539.12,5295.14
1167,39,2025-03-01,12612.91,5370.36
1168,39,2025-04-01,12815.46,5447.43
1169,39,2025-05-01,13040.02,5513.87
1170,39,2025-06-01,13189.95,5571.29
1171,40,2023-01-01,2500.0,1000.0
1172,40,2023-02-01,2538.5,1011.36
1173,40,2023-03-01,2587.3,1018.32
1174,40,2023-04-01,2611.14,1027.28
1175,40,2023-05-01,2612.57,1029.07
1176,40,2023-06-01,2616.1,1038.85
1177,40,2023-07-01,2668.12,1049.4
1178,40,2023-08-01,2680.39,1054.37
1179,40,2023-09-01,2731.61,1062.54
1180,40,2023-10-01,2732.14,1075.8
1181,40,2023-11-01,2745.71,1077.3
1182,40,2023-12-01,2782.71,1090.57
1183,40,2024-01-01,2786.94,1105.81
1184,40,2024-02-01,2813.5,1111.67
1185,40,2024-03-01,2863.82,1116.16
1186,40,2024-04-01,2918.07,1127.6
1187,40,2024-05-01,2971.17,1136.04
1188,40,2024-06-01,2983.03,1148.57
1189,40,2024-07-01,3035.1,1152.13
1190,40,2024-08-01,3047.41,1156.45
1191,40,2024-09-01,3085.11,1159.16
1192,40,2024-10-01,3091.69,1175.16
1193,40,2024-11-01,3133.48,1186.85
1194,40,2024-12-01,3171.95,1200.46
1195,40,2025-01-01,3206.3,1201.22
1196,40,2025-02-01,3237.23,1212.4
1197,40,2025-03-01,3269.11,1230.32
1198,40,2025-04-01,3327.76,1246.35
1199,40,2025-05-01,3360.43,1264.75
1200,40,2025-06-01,3421.99,1270.07
