ID,TIMESTAMP_COL,PREDICTION_DATE,REGION,CATEGORIA,PREDICTED_QUANTITIES,CI_LOWER,CI_UPPER
1,2025-06-12 20:02:49.000,2025-06-01,Antioquia,Agua,13.039124905,12.595207316,13.570691705
2,2025-06-12 20:02:49.000,2025-06-01,Antioquia,Bebida Energética,1.679345212,1.45426178,1.918778896
3,2025-06-12 20:02:49.000,2025-06-01,Antioquia,Bebida de Té,5.213334159,4.172051609,6.782852757
4,2025-06-12 20:02:49.000,2025-06-01,Antioquia,Gaseosa,9.370161648,7.788034207,11.333995581
5,2025-06-12 20:02:49.000,2025-06-01,Antioquia,Jugo,91.68923923,81.267191315,101.120737779
6,2025-06-12 20:02:49.000,2025-06-01,Atlántico,Agua,10.248417481,9.911850297,10.596316728
7,2025-06-12 20:02:49.000,2025-06-01,Atlántico,Bebida Energética,1.454001849,1.201186776,1.73265624
8,2025-06-12 20:02:49.000,2025-06-01,Atlántico,Bebida de Té,4.390254668,3.538738473,5.861560452
9,2025-06-12 20:02:49.000,2025-06-01,Atlántico,Gaseosa,7.202318444,6.109130049,8.68437767
10,2025-06-12 20:02:49.000,2025-06-01,Atlántico,Jugo,71.710032277,63.897059685,78.825730228
11,2025-06-12 20:02:49.000,2025-06-01,Bolívar,Agua,5.959613635,5.763375759,6.229787453
12,2025-06-12 20:02:49.000,2025-06-01,Bolívar,Bebida Energética,0.8743970698,0.6603973508,1.127301216
13,2025-06-12 20:02:49.000,2025-06-01,Bolívar,Bebida de Té,2.815849108,2.027155216,3.894771916
14,2025-06-12 20:02:49.000,2025-06-01,Bolívar,Gaseosa,5.040705469,4.38020643,5.88192367
15,2025-06-12 20:02:49.000,2025-06-01,Bolívar,Jugo,48.300367427,39.838997597,55.799705154
16,2025-06-12 20:02:49.000,2025-06-01,Boyacá,Agua,1.856870458,1.592476068,2.097817858
17,2025-06-12 20:02:49.000,2025-06-01,Boyacá,Bebida Energética,-0.08055222839,-0.2613363266,0.1261239499
18,2025-06-12 20:02:49.000,2025-06-01,Boyacá,Bebida de Té,-0.04564541295,-0.7809478585,0.740856497
19,2025-06-12 20:02:49.000,2025-06-01,Boyacá,Gaseosa,1.817605982,1.101677024,2.736146808
20,2025-06-12 20:02:49.000,2025-06-01,Boyacá,Jugo,9.586548039,6.861124448,12.799146818
21,2025-06-12 20:02:49.000,2025-06-01,Cundinamarca,Agua,15.818253737,15.304494126,16.334533095
22,2025-06-12 20:02:49.000,2025-06-01,Cundinamarca,Bebida Energética,2.238322914,1.871227741,2.577403307
23,2025-06-12 20:02:49.000,2025-06-01,Cundinamarca,Bebida de Té,7.509122621,6.173390386,9.474261224
24,2025-06-12 20:02:49.000,2025-06-01,Cundinamarca,Gaseosa,10.806675506,9.141763318,13.033423901
25,2025-06-12 20:02:49.000,2025-06-01,Cundinamarca,Jugo,122.147587049,114.52567687,129.450262928
26,2025-06-12 20:02:49.000,2025-06-01,Meta,Agua,2.040257693,1.860090552,2.228471089
27,2025-06-12 20:02:49.000,2025-06-01,Meta,Bebida Energética,0.07424197029,-0.0771637857,0.2211630493
28,2025-06-12 20:02:49.000,2025-06-01,Meta,Bebida de Té,0.243229878,-0.2814021483,0.9368452672
29,2025-06-12 20:02:49.000,2025-06-01,Meta,Gaseosa,1.807063221,1.228098035,2.565601587
30,2025-06-12 20:02:49.000,2025-06-01,Meta,Jugo,10.431034385,6.601139304,15.479453218
31,2025-06-12 20:02:49.000,2025-06-01,Norte de Santander,Agua,2.769736981,2.580794414,2.957408363
32,2025-06-12 20:02:49.000,2025-06-01,Norte de Santander,Bebida Energética,0.2724715213,0.1080215871,0.4063484073
33,2025-06-12 20:02:49.000,2025-06-01,Norte de Santander,Bebida de Té,0.838481888,0.3654829305,1.512454017
34,2025-06-12 20:02:49.000,2025-06-01,Norte de Santander,Gaseosa,2.401312525,1.807870567,3.044910854
35,2025-06-12 20:02:49.000,2025-06-01,Norte de Santander,Jugo,19.987401898,15.263742864,25.473692703
36,2025-06-12 20:02:49.000,2025-06-01,Santander,Agua,3.17907697,3.027017706,3.31158852
37,2025-06-12 20:02:49.000,2025-06-01,Santander,Bebida Energética,0.3490453175,0.1948143095,0.4773930907
38,2025-06-12 20:02:49.000,2025-06-01,Santander,Bebida de Té,1.090447748,0.6071346398,1.772924048
39,2025-06-12 20:02:49.000,2025-06-01,Santander,Gaseosa,2.799102359,2.160415739,3.434303141
40,2025-06-12 20:02:49.000,2025-06-01,Santander,Jugo,26.658868251,21.522656751,33.762824857
41,2025-06-12 20:02:49.000,2025-06-01,Tolima,Agua,2.560815576,2.398905007,2.744507868
42,2025-06-12 20:02:49.000,2025-06-01,Tolima,Bebida Energética,0.2065834069,0.05543741956,0.371992141
43,2025-06-12 20:02:49.000,2025-06-01,Tolima,Bebida de Té,0.6947928171,0.2315091346,1.286394432
44,2025-06-12 20:02:49.000,2025-06-01,Tolima,Gaseosa,2.24279055,1.69095826,2.899435106
45,2025-06-12 20:02:49.000,2025-06-01,Tolima,Jugo,20.780760664,16.203475845,25.280639732
46,2025-06-12 20:02:49.000,2025-06-01,Valle del Cauca,Agua,9.686791469,9.294615194,10.060062511
47,2025-06-12 20:02:49.000,2025-06-01,Valle del Cauca,Bebida Energética,1.269488488,1.061025739,1.511523485
48,2025-06-12 20:02:49.000,2025-06-01,Valle del Cauca,Bebida de Té,3.97488646,3.14428736,5.137555534
49,2025-06-12 20:02:49.000,2025-06-01,Valle del Cauca,Gaseosa,6.758023705,5.361249685,8.389606762
50,2025-06-12 20:02:49.000,2025-06-01,Valle del Cauca,Jugo,74.784275318,67.607240462,82.941270727
51,2025-06-12 20:02:49.000,2025-07-01,Antioquia,Agua,13.018907223,12.581619039,13.572953647
52,2025-06-12 20:02:49.000,2025-07-01,Antioquia,Bebida Energética,1.680991311,1.45426178,1.927247047
53,2025-06-12 20:02:49.000,2025-07-01,Antioquia,Bebida de Té,5.106349689,4.177241027,6.696752751
54,2025-06-12 20:02:49.000,2025-07-01,Antioquia,Gaseosa,9.582457697,7.799684513,11.356352305
55,2025-06-12 20:02:49.000,2025-07-01,Antioquia,Jugo,92.364276614,82.027154422,102.863466787
56,2025-06-12 20:02:49.000,2025-07-01,Atlántico,Agua,10.237673989,9.916035175,10.615401439
57,2025-06-12 20:02:49.000,2025-07-01,Atlántico,Bebida Energética,1.505998743,1.202566147,1.73265624
58,2025-06-12 20:02:49.000,2025-07-01,Atlántico,Bebida de Té,4.378697204,3.556175053,5.85548436
59,2025-06-12 20:02:49.000,2025-07-01,Atlántico,Gaseosa,7.364192238,6.137764341,8.682973421
60,2025-06-12 20:02:49.000,2025-07-01,Atlántico,Jugo,71.536759498,63.608213592,78.476606941
61,2025-06-12 20:02:49.000,2025-07-01,Bolívar,Agua,5.981715335,5.766098156,6.225832921
62,2025-06-12 20:02:49.000,2025-07-01,Bolívar,Bebida Energética,0.8446725458,0.6603973508,1.123002648
63,2025-06-12 20:02:49.000,2025-07-01,Bolívar,Bebida de Té,2.715785237,2.025059755,3.869268352
64,2025-06-12 20:02:49.000,2025-07-01,Bolívar,Gaseosa,5.058402327,4.388375616,5.875319946
65,2025-06-12 20:02:49.000,2025-07-01,Bolívar,Jugo,48.601395469,41.267068243,56.452687383
66,2025-06-12 20:02:49.000,2025-07-01,Boyacá,Agua,1.888517561,1.622362557,2.089789888
67,2025-06-12 20:02:49.000,2025-07-01,Boyacá,Bebida Energética,-0.06782084234,-0.2613363266,0.1173406243
68,2025-06-12 20:02:49.000,2025-07-01,Boyacá,Bebida de Té,0.01867494389,-0.7387068026,0.734881817
69,2025-06-12 20:02:49.000,2025-07-01,Boyacá,Gaseosa,1.94211254,1.110204575,2.743240619
70,2025-06-12 20:02:49.000,2025-07-01,Boyacá,Jugo,9.199517261,6.723984358,12.640688612
71,2025-06-12 20:02:49.000,2025-07-01,Cundinamarca,Agua,15.803864722,15.311391473,16.337494612
72,2025-06-12 20:02:49.000,2025-07-01,Cundinamarca,Bebida Energética,2.251905407,1.86825943,2.577403307
73,2025-06-12 20:02:49.000,2025-07-01,Cundinamarca,Bebida de Té,7.430290296,6.1990749,9.459979481
74,2025-06-12 20:02:49.000,2025-07-01,Cundinamarca,Gaseosa,10.963595881,9.161814916,13.035083032
75,2025-06-12 20:02:49.000,2025-07-01,Cundinamarca,Jugo,122.773055155,115.086556578,129.049872303
76,2025-06-12 20:02:49.000,2025-07-01,Meta,Agua,2.037177991,1.85246668,2.228549029
77,2025-06-12 20:02:49.000,2025-07-01,Meta,Bebida Energética,0.0757371485,-0.0771637857,0.2211630493
78,2025-06-12 20:02:49.000,2025-07-01,Meta,Bebida de Té,0.2699645538,-0.2816831596,0.9755747315
79,2025-06-12 20:02:49.000,2025-07-01,Meta,Gaseosa,1.865172292,1.221246541,2.531450531
80,2025-06-12 20:02:49.000,2025-07-01,Meta,Jugo,10.410236773,6.098551357,15.368147988
81,2025-06-12 20:02:49.000,2025-07-01,Norte de Santander,Agua,2.764178156,2.561509951,2.953260398
82,2025-06-12 20:02:49.000,2025-07-01,Norte de Santander,Bebida Energética,0.243978675,0.1080215871,0.4063484073
83,2025-06-12 20:02:49.000,2025-07-01,Norte de Santander,Bebida de Té,0.8944039791,0.3703580271,1.59136529
84,2025-06-12 20:02:49.000,2025-07-01,Norte de Santander,Gaseosa,2.365715886,1.796692213,3.079344237
85,2025-06-12 20:02:49.000,2025-07-01,Norte de Santander,Jugo,19.756172092,14.873044986,25.209002121
86,2025-06-12 20:02:49.000,2025-07-01,Santander,Agua,3.17864987,3.01968926,3.326427996
87,2025-06-12 20:02:49.000,2025-07-01,Santander,Bebida Energética,0.3587794164,0.1948143095,0.4773930907
88,2025-06-12 20:02:49.000,2025-07-01,Santander,Bebida de Té,1.140157457,0.655886814,1.801819474
89,2025-06-12 20:02:49.000,2025-07-01,Santander,Gaseosa,2.810142874,2.181103891,3.447951674
90,2025-06-12 20:02:49.000,2025-07-01,Santander,Jugo,27.270121589,21.869014168,33.637992918
91,2025-06-12 20:02:49.000,2025-07-01,Tolima,Agua,2.572045174,2.396179074,2.744507868
92,2025-06-12 20:02:49.000,2025-07-01,Tolima,Bebida Energética,0.1956117596,0.05543741956,0.371992141
93,2025-06-12 20:02:49.000,2025-07-01,Tolima,Bebida de Té,0.6690949934,0.2084987975,1.289806283
94,2025-06-12 20:02:49.000,2025-07-01,Tolima,Gaseosa,2.264357412,1.688620715,2.906882292
95,2025-06-12 20:02:49.000,2025-07-01,Tolima,Jugo,20.185273238,15.354569799,25.175478768
96,2025-06-12 20:02:49.000,2025-07-01,Valle del Cauca,Agua,9.672843955,9.292450416,10.032729971
97,2025-06-12 20:02:49.000,2025-07-01,Valle del Cauca,Bebida Energética,1.3128966,1.061025739,1.558870792
98,2025-06-12 20:02:49.000,2025-07-01,Valle del Cauca,Bebida de Té,4.105649619,3.36369482,5.171968007
99,2025-06-12 20:02:49.000,2025-07-01,Valle del Cauca,Gaseosa,6.872514908,5.350430471,8.503796172
100,2025-06-12 20:02:49.000,2025-07-01,Valle del Cauca,Jugo,74.340371759,67.977214766,82.461894751
101,2025-06-12 20:02:49.000,2025-08-01,Antioquia,Agua,13.034015326,12.564485276,13.563895106
102,2025-06-12 20:02:49.000,2025-08-01,Antioquia,Bebida Energética,1.704488645,1.45426178,1.927247047
103,2025-06-12 20:02:49.000,2025-08-01,Antioquia,Bebida de Té,5.224197402,3.936110649,6.931489408
104,2025-06-12 20:02:49.000,2025-08-01,Antioquia,Gaseosa,9.417988944,7.776861739,11.315925121
105,2025-06-12 20:02:49.000,2025-08-01,Antioquia,Jugo,91.898901238,81.185312605,102.515027189
106,2025-06-12 20:02:49.000,2025-08-01,Atlántico,Agua,10.222412223,9.91012198,10.619067276
107,2025-06-12 20:02:49.000,2025-08-01,Atlántico,Bebida Energética,1.471809205,1.201841977,1.73265624
108,2025-06-12 20:02:49.000,2025-08-01,Atlántico,Bebida de Té,4.383777533,3.557945904,5.867864472
109,2025-06-12 20:02:49.000,2025-08-01,Atlántico,Gaseosa,7.334974494,6.134053934,8.68437767
110,2025-06-12 20:02:49.000,2025-08-01,Atlántico,Jugo,71.427235818,63.536712313,78.539020157
111,2025-06-12 20:02:49.000,2025-08-01,Bolívar,Agua,5.981922588,5.765471476,6.23010931
112,2025-06-12 20:02:49.000,2025-08-01,Bolívar,Bebida Energética,0.9006218219,0.6603973508,1.127301216
113,2025-06-12 20:02:49.000,2025-08-01,Bolívar,Bebida de Té,2.789111581,2.023590624,3.915430868
114,2025-06-12 20:02:49.000,2025-08-01,Bolívar,Gaseosa,5.103601454,4.375179529,5.885896307
115,2025-06-12 20:02:49.000,2025-08-01,Bolívar,Jugo,48.825540435,41.758613825,55.581513929
116,2025-06-12 20:02:49.000,2025-08-01,Boyacá,Agua,1.871098819,1.576820985,2.087839988
117,2025-06-12 20:02:49.000,2025-08-01,Boyacá,Bebida Energética,-0.06183059432,-0.2764676511,0.124027976
118,2025-06-12 20:02:49.000,2025-08-01,Boyacá,Bebida de Té,0.04400906742,-0.8112997115,0.75040095
119,2025-06-12 20:02:49.000,2025-08-01,Boyacá,Gaseosa,1.836537228,1.075329573,2.732300031
120,2025-06-12 20:02:49.000,2025-08-01,Boyacá,Jugo,9.473703856,6.431046632,13.45377948
121,2025-06-12 20:02:49.000,2025-08-01,Cundinamarca,Agua,15.82002763,15.29987936,16.334533095
122,2025-06-12 20:02:49.000,2025-08-01,Cundinamarca,Bebida Energética,2.234585241,1.86825943,2.577403307
123,2025-06-12 20:02:49.000,2025-08-01,Cundinamarca,Bebida de Té,7.435000443,6.178204519,9.439858443
124,2025-06-12 20:02:49.000,2025-08-01,Cundinamarca,Gaseosa,11.331138415,9.185043812,13.051272357
125,2025-06-12 20:02:49.000,2025-08-01,Cundinamarca,Jugo,122.67675185,115.250009698,129.491404486
126,2025-06-12 20:02:49.000,2025-08-01,Meta,Agua,2.046540566,1.869041446,2.228619546
127,2025-06-12 20:02:49.000,2025-08-01,Meta,Bebida Energética,0.07379963642,-0.0771637857,0.2211630493
128,2025-06-12 20:02:49.000,2025-08-01,Meta,Bebida de Té,0.2398375785,-0.290928714,1.018664264
129,2025-06-12 20:02:49.000,2025-08-01,Meta,Gaseosa,1.798318328,1.232547373,2.545414093
130,2025-06-12 20:02:49.000,2025-08-01,Meta,Jugo,10.121133853,5.723385552,15.194924176
131,2025-06-12 20:02:49.000,2025-08-01,Norte de Santander,Agua,2.75928449,2.572685293,2.948521804
132,2025-06-12 20:02:49.000,2025-08-01,Norte de Santander,Bebida Energética,0.2819452935,0.1080215871,0.4063484073
133,2025-06-12 20:02:49.000,2025-08-01,Norte de Santander,Bebida de Té,0.8819775479,0.3444068173,1.522236225
134,2025-06-12 20:02:49.000,2025-08-01,Norte de Santander,Gaseosa,2.429091201,1.801443708,3.126075909
135,2025-06-12 20:02:49.000,2025-08-01,Norte de Santander,Jugo,19.72518649,14.576648289,25.2368028
136,2025-06-12 20:02:49.000,2025-08-01,Santander,Agua,3.171437136,3.013254745,3.346642094
137,2025-06-12 20:02:49.000,2025-08-01,Santander,Bebida Energética,0.3570815077,0.1948143095,0.4773930907
138,2025-06-12 20:02:49.000,2025-08-01,Santander,Bebida de Té,1.13799504,0.6557542983,1.732248786
139,2025-06-12 20:02:49.000,2025-08-01,Santander,Gaseosa,2.799979869,2.165950719,3.41863215
140,2025-06-12 20:02:49.000,2025-08-01,Santander,Jugo,27.663481209,21.667968059,33.414149308
141,2025-06-12 20:02:49.000,2025-08-01,Tolima,Agua,2.571981643,2.366351357,2.74975866
142,2025-06-12 20:02:49.000,2025-08-01,Tolima,Bebida Energética,0.2277272858,0.05543741956,0.371992141
143,2025-06-12 20:02:49.000,2025-08-01,Tolima,Bebida de Té,0.6805887216,0.1738567278,1.288473345
144,2025-06-12 20:02:49.000,2025-08-01,Tolima,Gaseosa,2.190292573,1.693700042,2.876538941
145,2025-06-12 20:02:49.000,2025-08-01,Tolima,Jugo,20.992957242,15.27648183,25.122930384
146,2025-06-12 20:02:49.000,2025-08-01,Valle del Cauca,Agua,9.675546323,9.269337219,10.044083297
147,2025-06-12 20:02:49.000,2025-08-01,Valle del Cauca,Bebida Energética,1.282988375,1.061025739,1.511523485
148,2025-06-12 20:02:49.000,2025-08-01,Valle del Cauca,Bebida de Té,4.065406181,3.362070483,5.142143014
149,2025-06-12 20:02:49.000,2025-08-01,Valle del Cauca,Gaseosa,6.668313005,5.354833215,8.41654582
150,2025-06-12 20:02:49.000,2025-08-01,Valle del Cauca,Jugo,74.78758777,67.631476688,82.906148386
151,2025-06-12 20:02:49.000,2025-09-01,Antioquia,Agua,13.05881722,12.591336602,13.538100576
152,2025-06-12 20:02:49.000,2025-09-01,Antioquia,Bebida Energética,1.659021935,1.45426178,1.927247047
153,2025-06-12 20:02:49.000,2025-09-01,Antioquia,Bebida de Té,5.081501022,4.044950742,6.705026242
154,2025-06-12 20:02:49.000,2025-09-01,Antioquia,Gaseosa,9.460995295,7.794000131,11.347598672
155,2025-06-12 20:02:49.000,2025-09-01,Antioquia,Jugo,92.163538933,81.976345944,101.100428414
156,2025-06-12 20:02:49.000,2025-09-01,Atlántico,Agua,10.252397202,9.912501281,10.619083336
157,2025-06-12 20:02:49.000,2025-09-01,Atlántico,Bebida Energética,1.475151254,1.209969997,1.73265624
158,2025-06-12 20:02:49.000,2025-09-01,Atlántico,Bebida de Té,4.319248514,3.475631134,5.855297652
159,2025-06-12 20:02:49.000,2025-09-01,Atlántico,Gaseosa,7.333446808,6.112871027,8.684954703
160,2025-06-12 20:02:49.000,2025-09-01,Atlántico,Jugo,71.949114697,64.148043883,78.565567589
161,2025-06-12 20:02:49.000,2025-09-01,Bolívar,Agua,5.995831259,5.762167306,6.221820868
162,2025-06-12 20:02:49.000,2025-09-01,Bolívar,Bebida Energética,0.9228738844,0.6562749743,1.125259396
163,2025-06-12 20:02:49.000,2025-09-01,Bolívar,Bebida de Té,2.729354236,1.924898941,3.832661176
164,2025-06-12 20:02:49.000,2025-09-01,Bolívar,Gaseosa,5.137813886,4.362371266,5.882327038
165,2025-06-12 20:02:49.000,2025-09-01,Bolívar,Jugo,48.561779377,40.20008902,55.046152472
166,2025-06-12 20:02:49.000,2025-09-01,Boyacá,Agua,1.875735323,1.595223755,2.088020921
167,2025-06-12 20:02:49.000,2025-09-01,Boyacá,Bebida Energética,-0.1005059349,-0.2613363266,0.1173406243
168,2025-06-12 20:02:49.000,2025-09-01,Boyacá,Bebida de Té,-0.02840906948,-0.8132846691,0.7292751297
169,2025-06-12 20:02:49.000,2025-09-01,Boyacá,Gaseosa,1.875699764,1.082766464,2.745592731
170,2025-06-12 20:02:49.000,2025-09-01,Boyacá,Jugo,9.428454141,6.987951155,12.628485306
171,2025-06-12 20:02:49.000,2025-09-01,Cundinamarca,Agua,15.793166543,15.303397851,16.338447216
172,2025-06-12 20:02:49.000,2025-09-01,Cundinamarca,Bebida Energética,2.238337266,1.86825943,2.577403307
173,2025-06-12 20:02:49.000,2025-09-01,Cundinamarca,Bebida de Té,7.439196478,5.831845942,9.413321888
174,2025-06-12 20:02:49.000,2025-09-01,Cundinamarca,Gaseosa,11.255769606,9.132527614,13.057303226
175,2025-06-12 20:02:49.000,2025-09-01,Cundinamarca,Jugo,122.374678612,114.576439947,128.585612655
176,2025-06-12 20:02:49.000,2025-09-01,Meta,Agua,2.05168736,1.856274082,2.229208361
177,2025-06-12 20:02:49.000,2025-09-01,Meta,Bebida Energética,0.06908458104,-0.0771637857,0.2211630493
178,2025-06-12 20:02:49.000,2025-09-01,Meta,Bebida de Té,0.1971458551,-0.290928714,0.9216573395
179,2025-06-12 20:02:49.000,2025-09-01,Meta,Gaseosa,1.812265469,1.225652854,2.577038169
180,2025-06-12 20:02:49.000,2025-09-01,Meta,Jugo,10.225615185,6.089554818,15.111312194
181,2025-06-12 20:02:49.000,2025-09-01,Norte de Santander,Agua,2.750614409,2.553201098,2.952665919
182,2025-06-12 20:02:49.000,2025-09-01,Norte de Santander,Bebida Energética,0.2523357713,0.1080215871,0.4063484073
183,2025-06-12 20:02:49.000,2025-09-01,Norte de Santander,Bebida de Té,0.8683721023,0.3632519891,1.567601199
184,2025-06-12 20:02:49.000,2025-09-01,Norte de Santander,Gaseosa,2.388344689,1.807911424,3.059716511
185,2025-06-12 20:02:49.000,2025-09-01,Norte de Santander,Jugo,19.884033457,14.799170047,25.208457379
186,2025-06-12 20:02:49.000,2025-09-01,Santander,Agua,3.176921172,3.009692744,3.302102835
187,2025-06-12 20:02:49.000,2025-09-01,Santander,Bebida Energética,0.3373768294,0.1948143095,0.4773930907
188,2025-06-12 20:02:49.000,2025-09-01,Santander,Bebida de Té,1.112519495,0.655886814,1.735906477
189,2025-06-12 20:02:49.000,2025-09-01,Santander,Gaseosa,2.73802311,2.165806711,3.435605168
190,2025-06-12 20:02:49.000,2025-09-01,Santander,Jugo,27.090130993,21.697119606,33.040360558
191,2025-06-12 20:02:49.000,2025-09-01,Tolima,Agua,2.557635971,2.380088247,2.745687113
192,2025-06-12 20:02:49.000,2025-09-01,Tolima,Bebida Energética,0.1737765151,0.05543741956,0.371992141
193,2025-06-12 20:02:49.000,2025-09-01,Tolima,Bebida de Té,0.6934031896,0.204457127,1.311824326
194,2025-06-12 20:02:49.000,2025-09-01,Tolima,Gaseosa,2.259355612,1.686221616,2.840532628
195,2025-06-12 20:02:49.000,2025-09-01,Tolima,Jugo,20.766464568,15.284668009,25.315460688
196,2025-06-12 20:02:49.000,2025-09-01,Valle del Cauca,Agua,9.691137186,9.292980449,10.055023901
197,2025-06-12 20:02:49.000,2025-09-01,Valle del Cauca,Bebida Energética,1.280107151,1.061025739,1.536807045
198,2025-06-12 20:02:49.000,2025-09-01,Valle del Cauca,Bebida de Té,4.025094687,3.361729059,5.146177933
199,2025-06-12 20:02:49.000,2025-09-01,Valle del Cauca,Gaseosa,6.701251192,5.356798649,8.391013575
200,2025-06-12 20:02:49.000,2025-09-01,Valle del Cauca,Jugo,74.744826919,68.234815025,82.822839212
201,2025-06-12 20:02:49.000,2025-10-01,Antioquia,Agua,13.05367806,12.594774221,13.546094823
202,2025-06-12 20:02:49.000,2025-10-01,Antioquia,Bebida Energética,1.67529392,1.45426178,1.918778896
203,2025-06-12 20:02:49.000,2025-10-01,Antioquia,Bebida de Té,5.13251374,4.18646239,6.859633613
204,2025-06-12 20:02:49.000,2025-10-01,Antioquia,Gaseosa,9.312372825,7.792761552,11.32794714
205,2025-06-12 20:02:49.000,2025-10-01,Antioquia,Jugo,91.913709259,80.130442333,103.511014193
206,2025-06-12 20:02:49.000,2025-10-01,Atlántico,Agua,10.254099188,9.915243953,10.598382479
207,2025-06-12 20:02:49.000,2025-10-01,Atlántico,Bebida Energética,1.471294332,1.202204943,1.73265624
208,2025-06-12 20:02:49.000,2025-10-01,Atlántico,Bebida de Té,4.380206186,3.376321043,5.861501992
209,2025-06-12 20:02:49.000,2025-10-01,Atlántico,Gaseosa,7.455387812,6.147097981,8.681745601
210,2025-06-12 20:02:49.000,2025-10-01,Atlántico,Jugo,71.495116453,63.80899756,78.824404144
211,2025-06-12 20:02:49.000,2025-10-01,Bolívar,Agua,5.974198511,5.764339942,6.216812867
212,2025-06-12 20:02:49.000,2025-10-01,Bolívar,Bebida Energética,0.8750269222,0.6562749743,1.125259396
213,2025-06-12 20:02:49.000,2025-10-01,Bolívar,Bebida de Té,2.820954393,2.027155216,3.902913392
214,2025-06-12 20:02:49.000,2025-10-01,Bolívar,Gaseosa,5.053429551,4.381230879,5.881617671
215,2025-06-12 20:02:49.000,2025-10-01,Bolívar,Jugo,48.63942477,41.855212796,55.067916036
216,2025-06-12 20:02:49.000,2025-10-01,Boyacá,Agua,1.860459304,1.587615143,2.090604846
217,2025-06-12 20:02:49.000,2025-10-01,Boyacá,Bebida Energética,-0.08359573461,-0.2613363266,0.1161110606
218,2025-06-12 20:02:49.000,2025-10-01,Boyacá,Bebida de Té,-0.03111420512,-0.8160541385,0.7428564906
219,2025-06-12 20:02:49.000,2025-10-01,Boyacá,Gaseosa,1.936620643,1.096271919,2.769215077
220,2025-06-12 20:02:49.000,2025-10-01,Boyacá,Jugo,9.718454107,6.906525903,12.64277242
221,2025-06-12 20:02:49.000,2025-10-01,Cundinamarca,Agua,15.836328327,15.300306055,16.336087891
222,2025-06-12 20:02:49.000,2025-10-01,Cundinamarca,Bebida Energética,2.249331303,1.86825943,2.577403307
223,2025-06-12 20:02:49.000,2025-10-01,Cundinamarca,Bebida de Té,7.462729586,6.178493261,9.398313385
224,2025-06-12 20:02:49.000,2025-10-01,Cundinamarca,Gaseosa,10.957969379,9.126031792,13.027875173
225,2025-06-12 20:02:49.000,2025-10-01,Cundinamarca,Jugo,122.493141057,115.637488478,128.770546687
226,2025-06-12 20:02:49.000,2025-10-01,Meta,Agua,2.059473205,1.863265475,2.237870339
227,2025-06-12 20:02:49.000,2025-10-01,Meta,Bebida Energética,0.07348959731,-0.0771637857,0.2211630493
228,2025-06-12 20:02:49.000,2025-10-01,Meta,Bebida de Té,0.292331636,-0.2821901664,0.9758138981
229,2025-06-12 20:02:49.000,2025-10-01,Meta,Gaseosa,1.879230409,1.225652854,2.575999671
230,2025-06-12 20:02:49.000,2025-10-01,Meta,Jugo,10.218678284,6.382657057,15.210350609
231,2025-06-12 20:02:49.000,2025-10-01,Norte de Santander,Agua,2.763876354,2.552222853,2.956904309
232,2025-06-12 20:02:49.000,2025-10-01,Norte de Santander,Bebida Energética,0.2559181705,0.1080215871,0.4063484073
233,2025-06-12 20:02:49.000,2025-10-01,Norte de Santander,Bebida de Té,0.844799315,0.3224310505,1.561140703
234,2025-06-12 20:02:49.000,2025-10-01,Norte de Santander,Gaseosa,2.451724136,1.80557763,3.096381268
235,2025-06-12 20:02:49.000,2025-10-01,Norte de Santander,Jugo,20.343383737,15.277000785,25.243206482
236,2025-06-12 20:02:49.000,2025-10-01,Santander,Agua,3.173301769,3.017989922,3.311803345
237,2025-06-12 20:02:49.000,2025-10-01,Santander,Bebida Energética,0.3583349316,0.1948143095,0.4773930907
238,2025-06-12 20:02:49.000,2025-10-01,Santander,Bebida de Té,1.077745225,0.6511288099,1.736043515
239,2025-06-12 20:02:49.000,2025-10-01,Santander,Gaseosa,2.732204413,2.1701024,3.435069099
240,2025-06-12 20:02:49.000,2025-10-01,Santander,Jugo,26.948379093,21.511615071,33.020622025
241,2025-06-12 20:02:49.000,2025-10-01,Tolima,Agua,2.574476993,2.379445563,2.744507868
242,2025-06-12 20:02:49.000,2025-10-01,Tolima,Bebida Energética,0.2058190884,0.05543741956,0.371992141
243,2025-06-12 20:02:49.000,2025-10-01,Tolima,Bebida de Té,0.6682843066,0.2052129393,1.345312962
244,2025-06-12 20:02:49.000,2025-10-01,Tolima,Gaseosa,2.270078358,1.71228981,2.844468346
245,2025-06-12 20:02:49.000,2025-10-01,Tolima,Jugo,20.606769107,16.015745635,25.301385164
246,2025-06-12 20:02:49.000,2025-10-01,Valle del Cauca,Agua,9.665883029,9.250911874,10.033655706
247,2025-06-12 20:02:49.000,2025-10-01,Valle del Cauca,Bebida Energética,1.262037839,1.061025739,1.511523485
248,2025-06-12 20:02:49.000,2025-10-01,Valle del Cauca,Bebida de Té,4.06165863,3.374576747,5.144091827
249,2025-06-12 20:02:49.000,2025-10-01,Valle del Cauca,Gaseosa,6.847565649,5.353230292,8.536217117
250,2025-06-12 20:02:49.000,2025-10-01,Valle del Cauca,Jugo,75.014972246,68.149318624,82.861191183
251,2025-06-12 20:02:49.000,2025-11-01,Antioquia,Agua,13.072423062,12.598438871,13.564624783
252,2025-06-12 20:02:49.000,2025-11-01,Antioquia,Bebida Energética,1.688801737,1.45426178,1.922282523
253,2025-06-12 20:02:49.000,2025-11-01,Antioquia,Bebida de Té,5.127100175,4.149792846,6.712560177
254,2025-06-12 20:02:49.000,2025-11-01,Antioquia,Gaseosa,9.419167223,7.788704318,11.323104584
255,2025-06-12 20:02:49.000,2025-11-01,Antioquia,Jugo,92.621273551,81.68102138,101.969384241
256,2025-06-12 20:02:49.000,2025-11-01,Atlántico,Agua,10.252886862,9.910111099,10.625195932
257,2025-06-12 20:02:49.000,2025-11-01,Atlántico,Bebida Energética,1.498374498,1.202204943,1.73265624
258,2025-06-12 20:02:49.000,2025-11-01,Atlántico,Bebida de Té,4.487740328,3.549951358,5.98202343
259,2025-06-12 20:02:49.000,2025-11-01,Atlántico,Gaseosa,7.421447868,6.120383358,8.673702312
260,2025-06-12 20:02:49.000,2025-11-01,Atlántico,Jugo,71.84963326,64.067811942,78.568656111
261,2025-06-12 20:02:49.000,2025-11-01,Bolívar,Agua,5.99744091,5.750968562,6.23236413
262,2025-06-12 20:02:49.000,2025-11-01,Bolívar,Bebida Energética,0.8577266419,0.6582331032,1.127301216
263,2025-06-12 20:02:49.000,2025-11-01,Bolívar,Bebida de Té,2.808363115,2.031262693,3.908567727
264,2025-06-12 20:02:49.000,2025-11-01,Bolívar,Gaseosa,5.158197902,4.381002557,5.880602074
265,2025-06-12 20:02:49.000,2025-11-01,Bolívar,Jugo,48.797535412,41.566523683,54.923170638
266,2025-06-12 20:02:49.000,2025-11-01,Boyacá,Agua,1.880123642,1.609325732,2.089094616
267,2025-06-12 20:02:49.000,2025-11-01,Boyacá,Bebida Energética,-0.09336589478,-0.2646690339,0.1173406243
268,2025-06-12 20:02:49.000,2025-11-01,Boyacá,Bebida de Té,-0.04830467504,-0.8065935362,0.741468282
269,2025-06-12 20:02:49.000,2025-11-01,Boyacá,Gaseosa,1.864160632,1.079081267,2.730642545
270,2025-06-12 20:02:49.000,2025-11-01,Boyacá,Jugo,9.603469665,6.662121042,14.48898205
271,2025-06-12 20:02:49.000,2025-11-01,Cundinamarca,Agua,15.777335745,15.301485229,16.336087891
272,2025-06-12 20:02:49.000,2025-11-01,Cundinamarca,Bebida Energética,2.285814914,1.869669378,2.577403307
273,2025-06-12 20:02:49.000,2025-11-01,Cundinamarca,Bebida de Té,7.399929368,6.178740019,9.475904942
274,2025-06-12 20:02:49.000,2025-11-01,Cundinamarca,Gaseosa,11.019991579,9.120831335,13.051272357
275,2025-06-12 20:02:49.000,2025-11-01,Cundinamarca,Jugo,121.924939456,113.552773333,128.695471811
276,2025-06-12 20:02:49.000,2025-11-01,Meta,Agua,2.052800632,1.841649286,2.228471089
277,2025-06-12 20:02:49.000,2025-11-01,Meta,Bebida Energética,0.0393780392,-0.0771637857,0.2211630493
278,2025-06-12 20:02:49.000,2025-11-01,Meta,Bebida de Té,0.2280570683,-0.2886539929,0.9849346828
279,2025-06-12 20:02:49.000,2025-11-01,Meta,Gaseosa,1.817682135,1.221246541,2.554702252
280,2025-06-12 20:02:49.000,2025-11-01,Meta,Jugo,9.918515761,5.815779766,15.162731279
281,2025-06-12 20:02:49.000,2025-11-01,Norte de Santander,Agua,2.755485658,2.561749613,2.947228014
282,2025-06-12 20:02:49.000,2025-11-01,Norte de Santander,Bebida Energética,0.2688728601,0.1080215871,0.4063484073
283,2025-06-12 20:02:49.000,2025-11-01,Norte de Santander,Bebida de Té,0.8743509138,0.3579694466,1.524953139
284,2025-06-12 20:02:49.000,2025-11-01,Norte de Santander,Gaseosa,2.430524038,1.797531466,3.109342626
285,2025-06-12 20:02:49.000,2025-11-01,Norte de Santander,Jugo,20.300006947,14.738479894,25.327025454
286,2025-06-12 20:02:49.000,2025-11-01,Santander,Agua,3.182783254,3.02576242,3.326328673
287,2025-06-12 20:02:49.000,2025-11-01,Santander,Bebida Energética,0.3568407397,0.1948143095,0.4773930907
288,2025-06-12 20:02:49.000,2025-11-01,Santander,Bebida de Té,1.131248266,0.655886814,1.802617577
289,2025-06-12 20:02:49.000,2025-11-01,Santander,Gaseosa,2.798489532,2.161104405,3.41863215
290,2025-06-12 20:02:49.000,2025-11-01,Santander,Jugo,26.932864191,21.529060304,33.360114706
291,2025-06-12 20:02:49.000,2025-11-01,Tolima,Agua,2.571137496,2.394135675,2.750430787
292,2025-06-12 20:02:49.000,2025-11-01,Tolima,Bebida Energética,0.2130954734,0.05543741956,0.371992141
293,2025-06-12 20:02:49.000,2025-11-01,Tolima,Bebida de Té,0.6948367064,0.2067953242,1.364929971
294,2025-06-12 20:02:49.000,2025-11-01,Tolima,Gaseosa,2.329548861,1.696526121,2.861339855
295,2025-06-12 20:02:49.000,2025-11-01,Tolima,Jugo,21.164076519,15.53432204,25.581133252
296,2025-06-12 20:02:49.000,2025-11-01,Valle del Cauca,Agua,9.674514392,9.292846832,10.042916155
297,2025-06-12 20:02:49.000,2025-11-01,Valle del Cauca,Bebida Energética,1.270526154,1.061025739,1.528797975
298,2025-06-12 20:02:49.000,2025-11-01,Valle del Cauca,Bebida de Té,4.134517322,3.363214672,5.15038231
299,2025-06-12 20:02:49.000,2025-11-01,Valle del Cauca,Gaseosa,6.816632578,5.357305712,8.549191976
300,2025-06-12 20:02:49.000,2025-11-01,Valle del Cauca,Jugo,74.765625309,68.161745024,82.687404311
301,2025-06-12 20:02:49.000,2025-12-01,Antioquia,Agua,13.040056466,12.592781508,13.534777871
302,2025-06-12 20:02:49.000,2025-12-01,Antioquia,Bebida Energética,1.735954826,1.45426178,1.918778896
303,2025-06-12 20:02:49.000,2025-12-01,Antioquia,Bebida de Té,5.068479114,4.175487608,6.7793118
304,2025-06-12 20:02:49.000,2025-12-01,Antioquia,Gaseosa,9.423492906,7.792868346,11.335513639
305,2025-06-12 20:02:49.000,2025-12-01,Antioquia,Jugo,91.899488931,80.87523098,101.873332798
306,2025-06-12 20:02:49.000,2025-12-01,Atlántico,Agua,10.280907205,9.926643741,10.593692811
307,2025-06-12 20:02:49.000,2025-12-01,Atlántico,Bebida Energética,1.483016089,1.202376515,1.73265624
308,2025-06-12 20:02:49.000,2025-12-01,Atlántico,Bebida de Té,4.475352513,3.556227812,5.85738914
309,2025-06-12 20:02:49.000,2025-12-01,Atlántico,Gaseosa,7.228421636,6.143084288,8.683159935
310,2025-06-12 20:02:49.000,2025-12-01,Atlántico,Jugo,71.958003306,64.45265916,78.781761384
311,2025-06-12 20:02:49.000,2025-12-01,Bolívar,Agua,5.976697096,5.740272035,6.244368434
312,2025-06-12 20:02:49.000,2025-12-01,Bolívar,Bebida Energética,0.8378747094,0.6562749743,1.127301216
313,2025-06-12 20:02:49.000,2025-12-01,Bolívar,Bebida de Té,2.785138627,2.022858319,3.870601323
314,2025-06-12 20:02:49.000,2025-12-01,Bolívar,Gaseosa,5.108441679,4.396873122,5.905126977
315,2025-06-12 20:02:49.000,2025-12-01,Bolívar,Jugo,48.520245399,41.027371931,55.274253345
316,2025-06-12 20:02:49.000,2025-12-01,Boyacá,Agua,1.886547344,1.610647173,2.087527058
317,2025-06-12 20:02:49.000,2025-12-01,Boyacá,Bebida Energética,-0.08012308449,-0.2613363266,0.1261239499
318,2025-06-12 20:02:49.000,2025-12-01,Boyacá,Bebida de Té,0.08676915102,-0.7466393854,0.7509562939
319,2025-06-12 20:02:49.000,2025-12-01,Boyacá,Gaseosa,1.89543268,1.10324872,2.753157377
320,2025-06-12 20:02:49.000,2025-12-01,Boyacá,Jugo,9.500853994,6.91989056,13.124356517
321,2025-06-12 20:02:49.000,2025-12-01,Cundinamarca,Agua,15.781490225,15.300162543,16.334236681
322,2025-06-12 20:02:49.000,2025-12-01,Cundinamarca,Bebida Energética,2.213183113,1.86825943,2.572657275
323,2025-06-12 20:02:49.000,2025-12-01,Cundinamarca,Bebida de Té,7.29502766,6.049928612,9.442545062
324,2025-06-12 20:02:49.000,2025-12-01,Cundinamarca,Gaseosa,10.882966208,9.159172428,13.050463724
325,2025-06-12 20:02:49.000,2025-12-01,Cundinamarca,Jugo,122.035067098,114.937132168,128.442385817
326,2025-06-12 20:02:49.000,2025-12-01,Meta,Agua,2.048040513,1.851372721,2.233379433
327,2025-06-12 20:02:49.000,2025-12-01,Meta,Bebida Energética,0.0922008574,-0.0771637857,0.2211630493
328,2025-06-12 20:02:49.000,2025-12-01,Meta,Bebida de Té,0.2804245766,-0.2859717888,0.9308679029
329,2025-06-12 20:02:49.000,2025-12-01,Meta,Gaseosa,1.874476877,1.221246541,2.567041603
330,2025-06-12 20:02:49.000,2025-12-01,Meta,Jugo,10.014841384,6.134651163,15.368195236
331,2025-06-12 20:02:49.000,2025-12-01,Norte de Santander,Agua,2.763952026,2.575554339,2.945703935
332,2025-06-12 20:02:49.000,2025-12-01,Norte de Santander,Bebida Energética,0.2375599502,0.1080215871,0.4063484073
333,2025-06-12 20:02:49.000,2025-12-01,Norte de Santander,Bebida de Té,0.8507595173,0.3546464388,1.559233604
334,2025-06-12 20:02:49.000,2025-12-01,Norte de Santander,Gaseosa,2.410150065,1.810091913,3.086816904
335,2025-06-12 20:02:49.000,2025-12-01,Norte de Santander,Jugo,20.062480906,14.867653288,25.508687019
336,2025-06-12 20:02:49.000,2025-12-01,Santander,Agua,3.178130836,3.025244056,3.321372351
337,2025-06-12 20:02:49.000,2025-12-01,Santander,Bebida Energética,0.3519648701,0.1948143095,0.4773930907
338,2025-06-12 20:02:49.000,2025-12-01,Santander,Bebida de Té,1.129614607,0.655886814,1.735091478
339,2025-06-12 20:02:49.000,2025-12-01,Santander,Gaseosa,2.806409167,2.160415739,3.434362319
340,2025-06-12 20:02:49.000,2025-12-01,Santander,Jugo,26.835403621,21.630898511,34.072945786
341,2025-06-12 20:02:49.000,2025-12-01,Tolima,Agua,2.568978446,2.374062983,2.744507868
342,2025-06-12 20:02:49.000,2025-12-01,Tolima,Bebida Energética,0.2309235732,0.05543741956,0.371992141
343,2025-06-12 20:02:49.000,2025-12-01,Tolima,Bebida de Té,0.722422456,0.2062827296,1.311240493
344,2025-06-12 20:02:49.000,2025-12-01,Tolima,Gaseosa,2.215768856,1.692164224,2.847417018
345,2025-06-12 20:02:49.000,2025-12-01,Tolima,Jugo,21.050762255,15.552421597,25.230250955
346,2025-06-12 20:02:49.000,2025-12-01,Valle del Cauca,Agua,9.672394114,9.2876445,10.042023897
347,2025-06-12 20:02:49.000,2025-12-01,Valle del Cauca,Bebida Energética,1.27924311,1.061025739,1.511523485
348,2025-06-12 20:02:49.000,2025-12-01,Valle del Cauca,Bebida de Té,4.056805081,3.156231877,5.135900268
349,2025-06-12 20:02:49.000,2025-12-01,Valle del Cauca,Gaseosa,6.754497237,5.349286318,8.372161067
350,2025-06-12 20:02:49.000,2025-12-01,Valle del Cauca,Jugo,74.582224925,68.171503282,82.381766695
351,2025-06-12 20:02:49.000,2026-01-01,Antioquia,Agua,13.008747077,12.580118442,13.564487404
352,2025-06-12 20:02:49.000,2026-01-01,Antioquia,Bebida Energética,1.690589981,1.45426178,1.927247047
353,2025-06-12 20:02:49.000,2026-01-01,Antioquia,Bebida de Té,4.984893801,4.046581829,6.793139207
354,2025-06-12 20:02:49.000,2026-01-01,Antioquia,Gaseosa,9.567634826,7.794118166,11.327660608
355,2025-06-12 20:02:49.000,2026-01-01,Antioquia,Jugo,92.908478727,81.98166163,103.229040527
356,2025-06-12 20:02:49.000,2026-01-01,Atlántico,Agua,10.264358321,9.891409113,10.591422178
357,2025-06-12 20:02:49.000,2026-01-01,Atlántico,Bebida Energética,1.46928907,1.201841977,1.73265624
358,2025-06-12 20:02:49.000,2026-01-01,Atlántico,Bebida de Té,4.425312247,3.556227812,5.856574789
359,2025-06-12 20:02:49.000,2026-01-01,Atlántico,Gaseosa,7.367819853,6.134494698,8.682369232
360,2025-06-12 20:02:49.000,2026-01-01,Atlántico,Jugo,71.528199725,64.360450983,78.236509252
361,2025-06-12 20:02:49.000,2026-01-01,Bolívar,Agua,5.992145962,5.755447789,6.239465255
362,2025-06-12 20:02:49.000,2026-01-01,Bolívar,Bebida Energética,0.8499535668,0.6562749743,1.127301216
363,2025-06-12 20:02:49.000,2026-01-01,Bolívar,Bebida de Té,2.681782153,2.023590624,3.892351653
364,2025-06-12 20:02:49.000,2026-01-01,Bolívar,Gaseosa,5.140030595,4.365525961,5.876956981
365,2025-06-12 20:02:49.000,2026-01-01,Bolívar,Jugo,48.557811537,41.683704937,55.076246095
366,2025-06-12 20:02:49.000,2026-01-01,Boyacá,Agua,1.861108185,1.608877666,2.102297564
367,2025-06-12 20:02:49.000,2026-01-01,Boyacá,Bebida Energética,-0.06241398498,-0.269280272,0.1173406243
368,2025-06-12 20:02:49.000,2026-01-01,Boyacá,Bebida de Té,-0.0655630105,-0.8025790058,0.735339088
369,2025-06-12 20:02:49.000,2026-01-01,Boyacá,Gaseosa,1.841416134,1.086781877,2.750130892
370,2025-06-12 20:02:49.000,2026-01-01,Boyacá,Jugo,9.623978712,6.826470804,12.844958197
371,2025-06-12 20:02:49.000,2026-01-01,Cundinamarca,Agua,15.777752321,15.294179249,16.334533095
372,2025-06-12 20:02:49.000,2026-01-01,Cundinamarca,Bebida Energética,2.248953444,1.86825943,2.577403307
373,2025-06-12 20:02:49.000,2026-01-01,Cundinamarca,Bebida de Té,7.361689545,6.171729001,9.452124691
374,2025-06-12 20:02:49.000,2026-01-01,Cundinamarca,Gaseosa,10.783202753,9.16668452,13.044369495
375,2025-06-12 20:02:49.000,2026-01-01,Cundinamarca,Jugo,122.091200554,114.657198691,128.775641012
376,2025-06-12 20:02:49.000,2026-01-01,Meta,Agua,2.046329892,1.862034694,2.228471089
377,2025-06-12 20:02:49.000,2026-01-01,Meta,Bebida Energética,0.07406466873,-0.0771637857,0.2211630493
378,2025-06-12 20:02:49.000,2026-01-01,Meta,Bebida de Té,0.2467544696,-0.292329919,0.9323100597
379,2025-06-12 20:02:49.000,2026-01-01,Meta,Gaseosa,1.865844612,1.221246541,2.56787577
380,2025-06-12 20:02:49.000,2026-01-01,Meta,Jugo,10.167832447,6.449923137,15.517797743
381,2025-06-12 20:02:49.000,2026-01-01,Norte de Santander,Agua,2.742985595,2.554056202,2.953934767
382,2025-06-12 20:02:49.000,2026-01-01,Norte de Santander,Bebida Energética,0.2379179345,0.1080215871,0.4063484073
383,2025-06-12 20:02:49.000,2026-01-01,Norte de Santander,Bebida de Té,0.8331434778,0.3604243718,1.520115286
384,2025-06-12 20:02:49.000,2026-01-01,Norte de Santander,Gaseosa,2.414427059,1.812669052,3.04988634
385,2025-06-12 20:02:49.000,2026-01-01,Norte de Santander,Jugo,19.932616956,14.88714419,25.141645598
386,2025-06-12 20:02:49.000,2026-01-01,Santander,Agua,3.18606134,3.033029046,3.378048288
387,2025-06-12 20:02:49.000,2026-01-01,Santander,Bebida Energética,0.343457059,0.1948143095,0.4773930907
388,2025-06-12 20:02:49.000,2026-01-01,Santander,Bebida de Té,1.092884538,0.655886814,1.77039719
389,2025-06-12 20:02:49.000,2026-01-01,Santander,Gaseosa,2.774471114,2.16517067,3.492427021
390,2025-06-12 20:02:49.000,2026-01-01,Santander,Jugo,26.847070686,21.603386819,32.97844975
391,2025-06-12 20:02:49.000,2026-01-01,Tolima,Agua,2.56358057,2.384452161,2.746693949
392,2025-06-12 20:02:49.000,2026-01-01,Tolima,Bebida Energética,0.2214407323,0.05543741956,0.371992141
393,2025-06-12 20:02:49.000,2026-01-01,Tolima,Bebida de Té,0.66414679,0.2072868112,1.288143175
394,2025-06-12 20:02:49.000,2026-01-01,Tolima,Gaseosa,2.225602961,1.686325163,2.842427015
395,2025-06-12 20:02:49.000,2026-01-01,Tolima,Jugo,20.659325355,15.193077888,25.226267922
396,2025-06-12 20:02:49.000,2026-01-01,Valle del Cauca,Agua,9.654098869,9.29151293,10.053718454
397,2025-06-12 20:02:49.000,2026-01-01,Valle del Cauca,Bebida Energética,1.27984466,1.061025739,1.511523485
398,2025-06-12 20:02:49.000,2026-01-01,Valle del Cauca,Bebida de Té,4.134154336,3.374576747,5.138996863
399,2025-06-12 20:02:49.000,2026-01-01,Valle del Cauca,Gaseosa,6.519539623,5.352660894,8.52532388
400,2025-06-12 20:02:49.000,2026-01-01,Valle del Cauca,Jugo,74.98018399,67.920482659,83.297142309
401,2025-06-12 20:02:49.000,2026-02-01,Antioquia,Agua,13.032129966,12.591494761,13.516959405
402,2025-06-12 20:02:49.000,2026-02-01,Antioquia,Bebida Energética,1.688137164,1.45426178,1.926394624
403,2025-06-12 20:02:49.000,2026-02-01,Antioquia,Bebida de Té,5.242919399,4.177769959,6.875762594
404,2025-06-12 20:02:49.000,2026-02-01,Antioquia,Gaseosa,9.534528134,7.792930931,11.334047353
405,2025-06-12 20:02:49.000,2026-02-01,Antioquia,Jugo,92.418189249,81.63040092,102.017367822
406,2025-06-12 20:02:49.000,2026-02-01,Atlántico,Agua,10.24805021,9.912900937,10.607956623
407,2025-06-12 20:02:49.000,2026-02-01,Atlántico,Bebida Energética,1.458540486,1.202566147,1.73265624
408,2025-06-12 20:02:49.000,2026-02-01,Atlántico,Bebida de Té,4.277790667,3.544683808,5.843451017
409,2025-06-12 20:02:49.000,2026-02-01,Atlántico,Gaseosa,7.311260893,6.121721029,8.683803785
410,2025-06-12 20:02:49.000,2026-02-01,Atlántico,Jugo,71.14651428,63.391274333,78.031092739
411,2025-06-12 20:02:49.000,2026-02-01,Bolívar,Agua,5.98956045,5.738728929,6.23879142
412,2025-06-12 20:02:49.000,2026-02-01,Bolívar,Bebida Energética,0.8980064201,0.660266611,1.125259396
413,2025-06-12 20:02:49.000,2026-02-01,Bolívar,Bebida de Té,2.761919137,2.028137083,3.90627909
414,2025-06-12 20:02:49.000,2026-02-01,Bolívar,Gaseosa,5.124832952,4.374255067,5.881787997
415,2025-06-12 20:02:49.000,2026-02-01,Bolívar,Jugo,48.884413695,41.496190679,55.816964364
416,2025-06-12 20:02:49.000,2026-02-01,Boyacá,Agua,1.837061324,1.600793808,2.087394479
417,2025-06-12 20:02:49.000,2026-02-01,Boyacá,Bebida Energética,-0.08678365745,-0.2613363266,0.1173406243
418,2025-06-12 20:02:49.000,2026-02-01,Boyacá,Bebida de Té,-0.02351285927,-0.8106263578,0.7491418317
419,2025-06-12 20:02:49.000,2026-02-01,Boyacá,Gaseosa,1.880779889,1.102501758,2.725778684
420,2025-06-12 20:02:49.000,2026-02-01,Boyacá,Jugo,9.486375325,6.90246717,12.824280865
421,2025-06-12 20:02:49.000,2026-02-01,Cundinamarca,Agua,15.769443449,15.294459948,16.339309096
422,2025-06-12 20:02:49.000,2026-02-01,Cundinamarca,Bebida Energética,2.250644163,1.871227741,2.577403307
423,2025-06-12 20:02:49.000,2026-02-01,Cundinamarca,Bebida de Té,7.259679573,6.177997726,9.414016968
424,2025-06-12 20:02:49.000,2026-02-01,Cundinamarca,Gaseosa,11.050058513,9.13265028,13.030312061
425,2025-06-12 20:02:49.000,2026-02-01,Cundinamarca,Jugo,122.072055931,115.144838655,128.544536793
426,2025-06-12 20:02:49.000,2026-02-01,Meta,Agua,2.044360063,1.838567562,2.228471089
427,2025-06-12 20:02:49.000,2026-02-01,Meta,Bebida Energética,0.04752603849,-0.0771637857,0.2211630493
428,2025-06-12 20:02:49.000,2026-02-01,Meta,Bebida de Té,0.2709096314,-0.289349921,0.9319165908
429,2025-06-12 20:02:49.000,2026-02-01,Meta,Gaseosa,1.871331895,1.229249889,2.577038169
430,2025-06-12 20:02:49.000,2026-02-01,Meta,Jugo,9.420609335,5.7784832,15.066934491
431,2025-06-12 20:02:49.000,2026-02-01,Norte de Santander,Agua,2.755813814,2.563201759,2.945724516
432,2025-06-12 20:02:49.000,2026-02-01,Norte de Santander,Bebida Energética,0.2472587281,0.1080215871,0.4063484073
433,2025-06-12 20:02:49.000,2026-02-01,Norte de Santander,Bebida de Té,0.8319336204,0.368287036,1.547346307
434,2025-06-12 20:02:49.000,2026-02-01,Norte de Santander,Gaseosa,2.350054002,1.787683089,3.115686128
435,2025-06-12 20:02:49.000,2026-02-01,Norte de Santander,Jugo,20.008143064,15.150071979,25.444312176
436,2025-06-12 20:02:49.000,2026-02-01,Santander,Agua,3.180035884,3.02177036,3.33653607
437,2025-06-12 20:02:49.000,2026-02-01,Santander,Bebida Energética,0.3190371148,0.1948143095,0.4773930907
438,2025-06-12 20:02:49.000,2026-02-01,Santander,Bebida de Té,1.096432673,0.655886814,1.732415966
439,2025-06-12 20:02:49.000,2026-02-01,Santander,Gaseosa,2.785220155,2.170646247,3.433944255
440,2025-06-12 20:02:49.000,2026-02-01,Santander,Jugo,26.855342821,21.396164882,32.993929565
441,2025-06-12 20:02:49.000,2026-02-01,Tolima,Agua,2.55244473,2.387428696,2.743454395
442,2025-06-12 20:02:49.000,2026-02-01,Tolima,Bebida Energética,0.2133341728,0.05543741956,0.371992141
443,2025-06-12 20:02:49.000,2026-02-01,Tolima,Bebida de Té,0.6517802247,0.1465557859,1.287602232
444,2025-06-12 20:02:49.000,2026-02-01,Tolima,Gaseosa,2.257809227,1.699000166,2.855098757
445,2025-06-12 20:02:49.000,2026-02-01,Tolima,Jugo,20.617001515,15.766007368,25.196799803
446,2025-06-12 20:02:49.000,2026-02-01,Valle del Cauca,Agua,9.656673355,9.274930486,10.035783708
447,2025-06-12 20:02:49.000,2026-02-01,Valle del Cauca,Bebida Energética,1.261747708,1.061025739,1.511523485
448,2025-06-12 20:02:49.000,2026-02-01,Valle del Cauca,Bebida de Té,4.051965076,3.374841258,5.145195401
449,2025-06-12 20:02:49.000,2026-02-01,Valle del Cauca,Gaseosa,6.615244353,5.357111931,8.352599871
450,2025-06-12 20:02:49.000,2026-02-01,Valle del Cauca,Jugo,74.920105095,68.300516868,82.598540115
451,2025-06-12 20:02:49.000,2026-03-01,Antioquia,Agua,13.03267911,12.571822269,13.518241206
452,2025-06-12 20:02:49.000,2026-03-01,Antioquia,Bebida Energética,1.65841706,1.45426178,1.927247047
453,2025-06-12 20:02:49.000,2026-03-01,Antioquia,Bebida de Té,5.137836381,4.051230589,6.819364277
454,2025-06-12 20:02:49.000,2026-03-01,Antioquia,Gaseosa,9.534150891,7.78976714,11.331868815
455,2025-06-12 20:02:49.000,2026-03-01,Antioquia,Jugo,92.566228039,82.55958004,102.256973124
456,2025-06-12 20:02:49.000,2026-03-01,Atlántico,Agua,10.23902585,9.917962225,10.612330556
457,2025-06-12 20:02:49.000,2026-03-01,Atlántico,Bebida Energética,1.453951696,1.201670405,1.73265624
458,2025-06-12 20:02:49.000,2026-03-01,Atlántico,Bebida de Té,4.353952534,3.54763905,5.884350455
459,2025-06-12 20:02:49.000,2026-03-01,Atlántico,Gaseosa,7.487039337,6.124412072,8.67512275
460,2025-06-12 20:02:49.000,2026-03-01,Atlántico,Jugo,71.580035391,64.093777871,78.796489716
461,2025-06-12 20:02:49.000,2026-03-01,Bolívar,Agua,5.993639917,5.761293633,6.231241968
462,2025-06-12 20:02:49.000,2026-03-01,Bolívar,Bebida Energética,0.8954627073,0.6582331032,1.127301216
463,2025-06-12 20:02:49.000,2026-03-01,Bolívar,Bebida de Té,2.766440728,1.927266236,3.906134078
464,2025-06-12 20:02:49.000,2026-03-01,Bolívar,Gaseosa,5.078096731,4.365525961,5.870737058
465,2025-06-12 20:02:49.000,2026-03-01,Bolívar,Jugo,48.349939804,40.873773122,54.935928845
466,2025-06-12 20:02:49.000,2026-03-01,Boyacá,Agua,1.857766436,1.590555334,2.089148783
467,2025-06-12 20:02:49.000,2026-03-01,Boyacá,Bebida Energética,-0.1079825568,-0.2646690339,0.1219518702
468,2025-06-12 20:02:49.000,2026-03-01,Boyacá,Bebida de Té,0.04365163945,-0.7725814302,0.7502416894
469,2025-06-12 20:02:49.000,2026-03-01,Boyacá,Gaseosa,1.943160922,1.084963331,2.767362797
470,2025-06-12 20:02:49.000,2026-03-01,Boyacá,Jugo,9.400018561,6.928829578,12.611001904
471,2025-06-12 20:02:49.000,2026-03-01,Cundinamarca,Agua,15.826887857,15.297561789,16.336087891
472,2025-06-12 20:02:49.000,2026-03-01,Cundinamarca,Bebida Energética,2.193824118,1.86825943,2.567411661
473,2025-06-12 20:02:49.000,2026-03-01,Cundinamarca,Bebida de Té,7.210451105,5.88880305,9.390443456
474,2025-06-12 20:02:49.000,2026-03-01,Cundinamarca,Gaseosa,10.949827013,9.146861053,13.045046806
475,2025-06-12 20:02:49.000,2026-03-01,Cundinamarca,Jugo,122.455736418,113.963740396,129.06848141
476,2025-06-12 20:02:49.000,2026-03-01,Meta,Agua,2.036406255,1.832928122,2.237820316
477,2025-06-12 20:02:49.000,2026-03-01,Meta,Bebida Energética,0.06856763178,-0.0771637857,0.2211630493
478,2025-06-12 20:02:49.000,2026-03-01,Meta,Bebida de Té,0.2664338189,-0.2895444002,0.9337715048
479,2025-06-12 20:02:49.000,2026-03-01,Meta,Gaseosa,1.902804193,1.221246541,2.59583576
480,2025-06-12 20:02:49.000,2026-03-01,Meta,Jugo,9.86380779,5.807955891,15.242042518
481,2025-06-12 20:02:49.000,2026-03-01,Norte de Santander,Agua,2.76213202,2.552397785,2.945550498
482,2025-06-12 20:02:49.000,2026-03-01,Norte de Santander,Bebida Energética,0.2752040558,0.1080215871,0.4063484073
483,2025-06-12 20:02:49.000,2026-03-01,Norte de Santander,Bebida de Té,0.7841020159,0.3660967994,1.520228643
484,2025-06-12 20:02:49.000,2026-03-01,Norte de Santander,Gaseosa,2.330787156,1.797444463,3.051158044
485,2025-06-12 20:02:49.000,2026-03-01,Norte de Santander,Jugo,20.321027354,14.759958392,25.437539589
486,2025-06-12 20:02:49.000,2026-03-01,Santander,Agua,3.164817481,3.017704988,3.316352426
487,2025-06-12 20:02:49.000,2026-03-01,Santander,Bebida Energética,0.3345114915,0.1948143095,0.4773930907
488,2025-06-12 20:02:49.000,2026-03-01,Santander,Bebida de Té,1.040848989,0.6516712375,1.728411511
489,2025-06-12 20:02:49.000,2026-03-01,Santander,Gaseosa,2.828922089,2.171725091,3.445724767
490,2025-06-12 20:02:49.000,2026-03-01,Santander,Jugo,26.666707925,21.410816991,32.928054915
491,2025-06-12 20:02:49.000,2026-03-01,Tolima,Agua,2.571806545,2.390568142,2.744507868
492,2025-06-12 20:02:49.000,2026-03-01,Tolima,Bebida Energética,0.1774484317,0.05543741956,0.371992141
493,2025-06-12 20:02:49.000,2026-03-01,Tolima,Bebida de Té,0.6640214245,0.204457127,1.288300658
494,2025-06-12 20:02:49.000,2026-03-01,Tolima,Gaseosa,2.286197641,1.699000166,2.860814518
495,2025-06-12 20:02:49.000,2026-03-01,Tolima,Jugo,21.122634058,15.304110758,25.552549541
496,2025-06-12 20:02:49.000,2026-03-01,Valle del Cauca,Agua,9.67107335,9.264611539,10.03897385
497,2025-06-12 20:02:49.000,2026-03-01,Valle del Cauca,Bebida Energética,1.282241983,1.061025739,1.558870792
498,2025-06-12 20:02:49.000,2026-03-01,Valle del Cauca,Bebida de Té,4.100630459,3.373782134,5.300003415
499,2025-06-12 20:02:49.000,2026-03-01,Valle del Cauca,Gaseosa,6.672525415,5.350889242,8.429907227
500,2025-06-12 20:02:49.000,2026-03-01,Valle del Cauca,Jugo,74.708600581,67.755185366,82.997928917
501,2025-06-12 20:02:49.000,2026-04-01,Antioquia,Agua,13.01501417,12.59190684,13.610304302
502,2025-06-12 20:02:49.000,2026-04-01,Antioquia,Bebida Energética,1.63973784,1.45426178,1.918778896
503,2025-06-12 20:02:49.000,2026-04-01,Antioquia,Bebida de Té,5.049825024,4.174473494,6.775057781
504,2025-06-12 20:02:49.000,2026-04-01,Antioquia,Gaseosa,9.451269791,7.78976714,11.350555825
505,2025-06-12 20:02:49.000,2026-04-01,Antioquia,Jugo,92.633737299,81.398895097,102.257404375
506,2025-06-12 20:02:49.000,2026-04-01,Atlántico,Agua,10.253028781,9.915333113,10.612861514
507,2025-06-12 20:02:49.000,2026-04-01,Atlántico,Bebida Energética,1.475677211,1.202566147,1.720035979
508,2025-06-12 20:02:49.000,2026-04-01,Atlántico,Bebida de Té,4.369706559,3.556883639,5.855328989
509,2025-06-12 20:02:49.000,2026-04-01,Atlántico,Gaseosa,7.339347267,6.112926573,8.683043039
510,2025-06-12 20:02:49.000,2026-04-01,Atlántico,Jugo,71.60617373,63.993245339,78.708260894
511,2025-06-12 20:02:49.000,2026-04-01,Bolívar,Agua,5.98630288,5.746341079,6.21675536
512,2025-06-12 20:02:49.000,2026-04-01,Bolívar,Bebida Energética,0.908996768,0.6562749743,1.127301216
513,2025-06-12 20:02:49.000,2026-04-01,Bolívar,Bebida de Té,2.743197659,2.02584739,3.890971927
514,2025-06-12 20:02:49.000,2026-04-01,Bolívar,Gaseosa,5.064899334,4.379686832,5.872439861
515,2025-06-12 20:02:49.000,2026-04-01,Bolívar,Jugo,48.537090161,39.971669489,56.751871967
516,2025-06-12 20:02:49.000,2026-04-01,Boyacá,Agua,1.856211628,1.600746132,2.088871903
517,2025-06-12 20:02:49.000,2026-04-01,Boyacá,Bebida Energética,-0.07774091274,-0.2613363266,0.1173406243
518,2025-06-12 20:02:49.000,2026-04-01,Boyacá,Bebida de Té,-0.02059565805,-0.7379736453,0.7497871488
519,2025-06-12 20:02:49.000,2026-04-01,Boyacá,Gaseosa,1.894957546,1.088044801,2.767412797
520,2025-06-12 20:02:49.000,2026-04-01,Boyacá,Jugo,9.582590038,6.821546158,12.851829693
521,2025-06-12 20:02:49.000,2026-04-01,Cundinamarca,Agua,15.80886735,15.305354238,16.336087891
522,2025-06-12 20:02:49.000,2026-04-01,Cundinamarca,Bebida Energética,2.190843282,1.86825943,2.577403307
523,2025-06-12 20:02:49.000,2026-04-01,Cundinamarca,Bebida de Té,7.285538173,6.176958442,9.411915576
524,2025-06-12 20:02:49.000,2026-04-01,Cundinamarca,Gaseosa,10.867824683,9.139561987,13.052225149
525,2025-06-12 20:02:49.000,2026-04-01,Cundinamarca,Jugo,122.134561419,114.849212033,128.943176985
526,2025-06-12 20:02:49.000,2026-04-01,Meta,Agua,2.048569866,1.847840442,2.234159195
527,2025-06-12 20:02:49.000,2026-04-01,Meta,Bebida Energética,0.04480094271,-0.0771637857,0.2211630493
528,2025-06-12 20:02:49.000,2026-04-01,Meta,Bebida de Té,0.2624954181,-0.3104089908,0.937730014
529,2025-06-12 20:02:49.000,2026-04-01,Meta,Gaseosa,1.867006127,1.221246541,2.620819616
530,2025-06-12 20:02:49.000,2026-04-01,Meta,Jugo,10.146651147,5.757322812,15.55764437
531,2025-06-12 20:02:49.000,2026-04-01,Norte de Santander,Agua,2.755097691,2.5642298,2.952716547
532,2025-06-12 20:02:49.000,2026-04-01,Norte de Santander,Bebida Energética,0.2654653089,0.1080215871,0.4063484073
533,2025-06-12 20:02:49.000,2026-04-01,Norte de Santander,Bebida de Té,0.81861251,0.3682952441,1.522194199
534,2025-06-12 20:02:49.000,2026-04-01,Norte de Santander,Gaseosa,2.371893183,1.807880624,3.075402519
535,2025-06-12 20:02:49.000,2026-04-01,Norte de Santander,Jugo,20.126327548,15.022682935,25.199182153
536,2025-06-12 20:02:49.000,2026-04-01,Santander,Agua,3.182749508,3.018683213,3.31698967
537,2025-06-12 20:02:49.000,2026-04-01,Santander,Bebida Energética,0.314722811,0.1948143095,0.4773930907
538,2025-06-12 20:02:49.000,2026-04-01,Santander,Bebida de Té,1.056886696,0.6557542983,1.73284727
539,2025-06-12 20:02:49.000,2026-04-01,Santander,Gaseosa,2.749868836,2.166624093,3.426036692
540,2025-06-12 20:02:49.000,2026-04-01,Santander,Jugo,27.086307867,21.478454995,33.410293069
541,2025-06-12 20:02:49.000,2026-04-01,Tolima,Agua,2.567326159,2.357312154,2.749354808
542,2025-06-12 20:02:49.000,2026-04-01,Tolima,Bebida Energética,0.1919918911,0.05543741956,0.371992141
543,2025-06-12 20:02:49.000,2026-04-01,Tolima,Bebida de Té,0.6298694764,0.1462217821,1.29316609
544,2025-06-12 20:02:49.000,2026-04-01,Tolima,Gaseosa,2.255098029,1.703331119,2.850241715
545,2025-06-12 20:02:49.000,2026-04-01,Tolima,Jugo,20.867091023,15.496494478,25.515887272
546,2025-06-12 20:02:49.000,2026-04-01,Valle del Cauca,Agua,9.671570111,9.291341245,10.04726916
547,2025-06-12 20:02:49.000,2026-04-01,Valle del Cauca,Bebida Energética,1.281618587,1.0615417,1.550865227
548,2025-06-12 20:02:49.000,2026-04-01,Valle del Cauca,Bebida de Té,4.108868293,3.368788683,5.145769924
549,2025-06-12 20:02:49.000,2026-04-01,Valle del Cauca,Gaseosa,6.842663205,5.356156301,8.54256798
550,2025-06-12 20:02:49.000,2026-04-01,Valle del Cauca,Jugo,74.582920152,67.582016706,82.392643368
551,2025-06-12 20:02:49.000,2026-05-01,Antioquia,Agua,13.017206281,12.58992908,13.53401531
552,2025-06-12 20:02:49.000,2026-05-01,Antioquia,Bebida Energética,1.666139987,1.45426178,1.926394624
553,2025-06-12 20:02:49.000,2026-05-01,Antioquia,Bebida de Té,5.176347026,4.186850041,6.838655829
554,2025-06-12 20:02:49.000,2026-05-01,Antioquia,Gaseosa,9.439765472,7.797704542,11.351971018
555,2025-06-12 20:02:49.000,2026-05-01,Antioquia,Jugo,91.796671236,80.950889611,102.36501478
556,2025-06-12 20:02:49.000,2026-05-01,Atlántico,Agua,10.262724236,9.911112818,10.602535427
557,2025-06-12 20:02:49.000,2026-05-01,Atlántico,Bebida Energética,1.451965119,1.202566147,1.72848421
558,2025-06-12 20:02:49.000,2026-05-01,Atlántico,Bebida de Té,4.358225508,3.538315269,5.987824452
559,2025-06-12 20:02:49.000,2026-05-01,Atlántico,Gaseosa,7.362054164,6.148284483,8.682187045
560,2025-06-12 20:02:49.000,2026-05-01,Atlántico,Jugo,71.599561377,64.409249789,78.702390409
561,2025-06-12 20:02:49.000,2026-05-01,Bolívar,Agua,5.976132511,5.767315997,6.234045953
562,2025-06-12 20:02:49.000,2026-05-01,Bolívar,Bebida Energética,0.8930107468,0.6562749743,1.127301216
563,2025-06-12 20:02:49.000,2026-05-01,Bolívar,Bebida de Té,2.727456125,2.023590624,3.895062762
564,2025-06-12 20:02:49.000,2026-05-01,Bolívar,Gaseosa,5.057490348,4.375042179,5.875828773
565,2025-06-12 20:02:49.000,2026-05-01,Bolívar,Jugo,48.477454803,41.632258248,55.246744829
566,2025-06-12 20:02:49.000,2026-05-01,Boyacá,Agua,1.856732195,1.596370188,2.094932159
567,2025-06-12 20:02:49.000,2026-05-01,Boyacá,Bebida Energética,-0.07537081584,-0.2676843405,0.1261239499
568,2025-06-12 20:02:49.000,2026-05-01,Boyacá,Bebida de Té,-0.02205748126,-0.8196697563,0.7374588549
569,2025-06-12 20:02:49.000,2026-05-01,Boyacá,Gaseosa,1.881593982,1.112044305,2.733082071
570,2025-06-12 20:02:49.000,2026-05-01,Boyacá,Jugo,9.359686624,6.822455639,12.557539992
571,2025-06-12 20:02:49.000,2026-05-01,Cundinamarca,Agua,15.820163577,15.300532264,16.338447216
572,2025-06-12 20:02:49.000,2026-05-01,Cundinamarca,Bebida Energética,2.231137781,1.86825943,2.577403307
573,2025-06-12 20:02:49.000,2026-05-01,Cundinamarca,Bebida de Té,7.170561171,6.164112699,9.420418358
574,2025-06-12 20:02:49.000,2026-05-01,Cundinamarca,Gaseosa,10.66736959,9.151987493,13.05053488
575,2025-06-12 20:02:49.000,2026-05-01,Cundinamarca,Jugo,121.828380015,114.451448393,128.177308464
576,2025-06-12 20:02:49.000,2026-05-01,Meta,Agua,2.049996116,1.844501675,2.228549029
577,2025-06-12 20:02:49.000,2026-05-01,Meta,Bebida Energética,0.04549194768,-0.0771637857,0.2211630493
578,2025-06-12 20:02:49.000,2026-05-01,Meta,Bebida de Té,0.2681383985,-0.2886539929,1.020847483
579,2025-06-12 20:02:49.000,2026-05-01,Meta,Gaseosa,1.798753206,1.231676023,2.56500822
580,2025-06-12 20:02:49.000,2026-05-01,Meta,Jugo,10.328755506,6.523123333,15.581224135
581,2025-06-12 20:02:49.000,2026-05-01,Norte de Santander,Agua,2.758754603,2.553201098,2.935403362
582,2025-06-12 20:02:49.000,2026-05-01,Norte de Santander,Bebida Energética,0.2358237801,0.1080215871,0.4063484073
583,2025-06-12 20:02:49.000,2026-05-01,Norte de Santander,Bebida de Té,0.8629900714,0.3620287995,1.519620134
584,2025-06-12 20:02:49.000,2026-05-01,Norte de Santander,Gaseosa,2.322598704,1.806693366,3.128116992
585,2025-06-12 20:02:49.000,2026-05-01,Norte de Santander,Jugo,19.968908203,14.573127759,25.340612313
586,2025-06-12 20:02:49.000,2026-05-01,Santander,Agua,3.178868088,3.01380921,3.350386251
587,2025-06-12 20:02:49.000,2026-05-01,Santander,Bebida Energética,0.3199968566,0.1948143095,0.4773930907
588,2025-06-12 20:02:49.000,2026-05-01,Santander,Bebida de Té,1.052184583,0.655886814,1.725169674
589,2025-06-12 20:02:49.000,2026-05-01,Santander,Gaseosa,2.757997274,2.166488194,3.434298909
590,2025-06-12 20:02:49.000,2026-05-01,Santander,Jugo,26.912540534,21.824772835,33.480684412
591,2025-06-12 20:02:49.000,2026-05-01,Tolima,Agua,2.564053317,2.395541824,2.744507868
592,2025-06-12 20:02:49.000,2026-05-01,Tolima,Bebida Energética,0.2201304522,0.05543741956,0.371992141
593,2025-06-12 20:02:49.000,2026-05-01,Tolima,Bebida de Té,0.6441715746,0.2064621408,1.364120736
594,2025-06-12 20:02:49.000,2026-05-01,Tolima,Gaseosa,2.21445088,1.707913093,2.897716561
595,2025-06-12 20:02:49.000,2026-05-01,Tolima,Jugo,21.209680941,15.642347705,25.386392748
596,2025-06-12 20:02:49.000,2026-05-01,Valle del Cauca,Agua,9.641572016,9.283847773,10.042916155
597,2025-06-12 20:02:49.000,2026-05-01,Valle del Cauca,Bebida Energética,1.28845301,1.061966419,1.536380821
598,2025-06-12 20:02:49.000,2026-05-01,Valle del Cauca,Bebida de Té,4.105205862,3.218110329,5.152643037
599,2025-06-12 20:02:49.000,2026-05-01,Valle del Cauca,Gaseosa,6.606466546,5.348827547,8.384821093
600,2025-06-12 20:02:49.000,2026-05-01,Valle del Cauca,Jugo,74.575883646,68.381166911,82.871459889
